id,TimeStamp,LandmarkID,AcX,AcY,AcZ,GyX,GyY,GyZ
0,2020-9-6-1-14-52-4625,1,5004,-14660,-7640,-3376,-527,248
1,2020-9-6-1-14-52-4630,2,596,-16744,-116,-3520,-291,-19
2,2020-9-6-1-14-52-4711,4,14456,-11336,3500,-3696,-952,2012
3,2020-9-6-1-14-52-4796,3,-1224,-16064,-3940,-4128,-356,-139
4,2020-9-6-1-14-52-5101,1,4920,-14732,-7836,-3360,-991,-405
5,2020-9-6-1-14-52-5120,2,472,-16624,108,-3536,-341,50
6,2020-9-6-1-14-52-5205,4,13228,-10464,5232,-3696,-610,-4459
7,2020-9-6-1-14-53-5306,3,-1328,-15988,-3792,-4144,-627,-1182
8,2020-9-6-1-14-53-5606,1,2756,-12372,-10068,-3360,-3474,812
9,2020-9-6-1-14-53-5620,2,-11124,-11900,-3868,-3536,-2361,-11385
10,2020-9-6-1-14-53-5714,4,9596,-13084,3844,-3728,4422,2250
11,2020-9-6-1-14-53-5810,3,1424,-15980,-4628,-4128,-494,-1199
12,2020-9-6-1-14-53-6106,1,6880,-13388,-9568,-3360,1042,-542
13,2020-9-6-1-14-53-6129,2,-1704,-16572,1412,-3552,863,83
14,2020-9-6-1-14-53-6209,4,3340,-17604,19264,-3680,3262,-813
15,2020-9-6-1-14-54-6309,3,2076,-16384,-604,-4112,5762,-3104
16,2020-9-6-1-14-54-6624,1,5300,-14508,-7396,-3360,591,-5624
17,2020-9-6-1-14-54-6635,2,-928,-16532,556,-3504,-2561,-1158
18,2020-9-6-1-14-54-6742,4,6104,-11324,10940,-3712,627,-6093
19,2020-9-6-1-14-54-6808,3,-488,-15308,-2780,-4128,-950,4236
20,2020-9-6-1-14-54-7110,1,8188,-12236,-12088,-3360,-192,-5004
21,2020-9-6-1-14-54-7128,2,-2672,-14508,-2704,-3552,-1906,-19393
22,2020-9-6-1-14-54-7216,4,5112,-12292,5388,-3712,-456,-4686
23,2020-9-6-1-14-55-7305,3,-2308,-16180,-1904,-4144,1950,-3562
24,2020-9-6-1-14-55-7613,1,8200,-13696,-10488,-3360,3394,-2073
25,2020-9-6-1-14-55-7633,2,-4936,-17828,-12836,-3520,-12423,-7140
26,2020-9-6-1-14-55-7714,4,4108,-13076,6652,-3728,1736,509
27,2020-9-6-1-14-55-7809,3,-4332,-13264,-2752,-4128,6949,-16451
28,2020-9-6-1-14-55-8117,1,6640,-13460,-5920,-3392,-4612,7427
29,2020-9-6-1-14-55-8139,2,-3004,-16628,-492,-3552,-797,3448
30,2020-9-6-1-14-55-8217,4,2032,-13520,10224,-3728,-4334,8803
31,2020-9-6-1-14-56-8310,3,-10548,-12348,5520,-4112,-1613,8256
32,2020-9-6-1-14-56-8619,1,7292,-11716,-10496,-3360,-5277,4488
33,2020-9-6-1-14-56-8639,2,-836,-17216,-2560,-3520,4697,6039
34,2020-9-6-1-14-56-8719,4,5636,-15020,5700,-3680,-3386,8614
35,2020-9-6-1-14-56-8810,3,-1184,-16432,-1608,-4128,-3001,1367
36,2020-9-6-1-14-56-9118,1,8032,-12064,-12276,-3376,-2546,10659
37,2020-9-6-1-14-56-9134,2,-3008,-16184,1900,-3536,-1133,21325
38,2020-9-6-1-14-56-9220,4,4236,-14696,5480,-3712,-1525,10160
39,2020-9-6-1-14-57-9320,3,-624,-16828,-1732,-4144,3290,4264
40,2020-9-6-1-14-57-9621,1,7260,-15908,-6528,-3392,-1669,12783
41,2020-9-6-1-14-57-9637,2,-2316,-16688,60,-3504,499,1884
42,2020-9-6-1-14-57-9724,4,3612,-13524,9884,-3712,-1912,10409
43,2020-9-6-1-14-57-9816,3,-5212,-12864,-1160,-4128,-8137,15890
44,2020-9-6-1-14-57-10121,1,9384,-13492,-4784,-3392,-3450,1600
45,2020-9-6-1-14-57-10138,2,-4476,-16520,-2040,-3520,-4166,4688
46,2020-9-6-1-14-57-10223,4,5380,-14320,8632,-3728,-2560,591
47,2020-9-6-1-14-58-10317,3,-3900,-24220,2440,-4112,9186,872
48,2020-9-6-1-14-58-10624,1,6432,-12660,-7448,-3376,-394,-9102
49,2020-9-6-1-14-58-10642,2,-460,-13320,3412,-3520,20893,-4828
50,2020-9-6-1-14-58-10727,4,2844,-13652,5048,-3712,1897,-1153
51,2020-9-6-1-14-58-10836,3,-1904,-17544,848,-4128,5623,-346
52,2020-9-6-1-14-58-11126,1,4208,-13116,-3492,-3360,1101,1409
53,2020-9-6-1-14-58-11144,2,-604,-16624,2480,-3504,-2565,2504
54,2020-9-6-1-14-58-11229,4,4892,-13848,10948,-3728,1195,189
55,2020-9-6-1-14-59-11320,3,272,-12388,-2100,-4080,-22073,8198
56,2020-9-6-1-14-59-11628,1,12548,-14828,-4676,-3392,-1350,-1543
57,2020-9-6-1-14-59-11643,2,-1916,-18180,-2436,-3536,-9988,4259
58,2020-9-6-1-14-59-11729,4,7352,-15572,10536,-3744,-2572,-2664
59,2020-9-6-1-14-59-11833,3,-3224,-15288,-2372,-4144,2909,-554
60,2020-9-6-1-14-59-12129,1,10708,-11516,-8132,-3392,5010,-8563
61,2020-9-6-1-14-59-12146,2,-3764,-22492,-2672,-3504,25771,-24946
62,2020-9-6-1-14-59-12237,4,6032,-13284,6688,-3728,4550,-5619
63,2020-9-6-1-15-0-12325,3,-3532,-17004,756,-4144,5696,-2164
64,2020-9-6-1-15-0-12630,1,7056,-13828,-1296,-3376,3642,587
65,2020-9-6-1-15-0-12650,2,-928,-17192,1544,-3520,-2289,-1139
66,2020-9-6-1-15-0-12734,4,4788,-12184,9964,-3760,59,-1119
67,2020-9-6-1-15-0-12828,3,804,-17808,-1012,-4112,-27225,9357
68,2020-9-6-1-15-0-13135,1,11872,-16440,-5216,-3424,2044,-4547
69,2020-9-6-1-15-0-13150,2,-1200,-23264,-2668,-3520,-15002,3287
70,2020-9-6-1-15-0-13236,4,3608,-14508,5908,-3776,-974,-7295
71,2020-9-6-1-15-1-13329,3,-3080,-16384,-3556,-4112,1361,-3264
72,2020-9-6-1-15-1-13635,1,11936,-11472,-10872,-3392,7402,-9145
73,2020-9-6-1-15-1-13652,2,-10300,-20212,-7216,-3520,10086,-30076
74,2020-9-6-1-15-1-13738,4,4492,-15248,6572,-3760,3319,-11788
75,2020-9-6-1-15-1-13831,3,-2032,-16616,208,-4128,1922,-3885
76,2020-9-6-1-15-1-14138,1,6608,-12336,-5500,-3424,10777,-12708
77,2020-9-6-1-15-1-14155,2,-652,-17248,-796,-3504,-878,-3997
78,2020-9-6-1-15-1-14291,4,2896,-14168,13500,-3760,4399,-14575
79,2020-9-6-1-15-2-14339,3,1616,-16684,-4536,-4112,-9462,-21689
80,2020-9-6-1-15-2-14638,1,14444,-9368,-7060,-3408,113,340
81,2020-9-6-1-15-2-14654,2,1696,-18496,-1176,-3504,-5686,4479
82,2020-9-6-1-15-2-14742,4,4348,-15732,6804,-3744,-2297,-3544
83,2020-9-6-1-15-2-14834,3,-1644,-17392,-280,-4096,-322,-5309
84,2020-9-6-1-15-2-15150,1,11256,-7780,-12288,-3424,3581,-4435
85,2020-9-6-1-15-2-15165,2,-3068,-16408,-2052,-3488,11402,-14836
86,2020-9-6-1-15-2-15244,4,3808,-16280,5836,-3792,2197,-2496
87,2020-9-6-1-15-3-15335,3,-2776,-18020,660,-4128,7716,-256
88,2020-9-6-1-15-3-15651,1,8876,-14456,-8284,-3440,-6222,2970
89,2020-9-6-1-15-3-15662,2,-3032,-17108,900,-3488,-5729,1660
90,2020-9-6-1-15-3-15745,4,8332,-16400,10752,-3744,-4237,5049
91,2020-9-6-1-15-3-15838,3,-5548,-11468,1064,-4128,-18701,16631
92,2020-9-6-1-15-3-16145,1,12752,-13104,-9128,-3392,-6445,1829
93,2020-9-6-1-15-3-16161,2,-3948,-17368,-3396,-3504,-6652,6466
94,2020-9-6-1-15-3-16247,4,9264,-14448,7600,-3760,-5401,2138
95,2020-9-6-1-15-4-16339,3,-1476,-16352,-4976,-4128,2364,-1033
96,2020-9-6-1-15-4-16647,1,6064,-668,-22048,-3424,8882,-4867
97,2020-9-6-1-15-4-16664,2,656,-29172,-5196,-3504,32767,-1364
98,2020-9-6-1-15-4-16751,4,10984,-13556,4036,-3808,-794,1739
99,2020-9-6-1-15-4-16843,3,-2728,-16740,2624,-4080,8818,-577
100,2020-9-6-1-15-4-17148,1,11044,-13068,-5836,-3440,-8344,14407
101,2020-9-6-1-15-4-17166,2,-2752,-16576,636,-3504,-491,2765
102,2020-9-6-1-15-4-17251,4,2080,-13704,5752,-3792,-772,5005
103,2020-9-6-1-15-5-17347,3,-2092,-15784,436,-4144,-22842,7150
104,2020-9-6-1-15-5-17651,1,13912,-12672,-2848,-3456,-4275,8963
105,2020-9-6-1-15-5-17668,2,-4080,-17400,-2820,-3504,-8163,3112
106,2020-9-6-1-15-5-17755,4,5668,-17056,8644,-3808,-4204,819
107,2020-9-6-1-15-5-17847,3,-804,-17032,-1976,-4096,-1525,-3661
108,2020-9-6-1-15-5-18162,1,14684,-7912,-3200,-3408,-364,-11277
109,2020-9-6-1-15-5-18173,2,-1640,-21452,-1264,-3472,26476,-6757
110,2020-9-6-1-15-5-18256,4,5996,-15104,3792,-3824,109,2395
111,2020-9-6-1-15-6-18347,3,-2284,-16260,-2176,-4096,6153,1424
112,2020-9-6-1-15-6-18656,1,14412,-11644,-9912,-3456,-217,2927
113,2020-9-6-1-15-6-18670,2,1424,-14032,-688,-3488,-6088,575
114,2020-9-6-1-15-6-18756,4,1668,-9424,4208,-3824,-2081,4113
115,2020-9-6-1-15-6-18851,3,-4172,-9828,2128,-4128,5262,12573
116,2020-9-6-1-15-6-19156,1,12520,-9708,-6672,-3440,-9617,6803
117,2020-9-6-1-15-6-19173,2,-4008,-16428,956,-3520,-2306,7167
118,2020-9-6-1-15-6-19263,4,7776,-13552,7152,-3824,-3321,9292
119,2020-9-6-1-15-7-19351,3,-1496,-18812,9476,-4096,7847,13841
120,2020-9-6-1-15-7-19659,1,8828,-10724,-10340,-3456,-2603,-3612
121,2020-9-6-1-15-7-19677,2,6204,-12200,3904,-3504,18488,-3949
122,2020-9-6-1-15-7-19761,4,6644,-10736,1788,-3856,-58,-5145
123,2020-9-6-1-15-7-19855,3,-2440,-16656,-416,-4128,524,-3594
124,2020-9-6-1-15-7-20162,1,3072,-15028,-8608,-3472,4300,-12616
125,2020-9-6-1-15-7-20177,2,-2020,-15888,1728,-3488,-1248,1449
126,2020-9-6-1-15-7-20264,4,1432,-11940,10868,-3824,4518,-2526
127,2020-9-6-1-15-8-20356,3,4332,-12592,9052,-4112,370,-16498
128,2020-9-6-1-15-8-20665,1,6084,-15096,-8508,-3456,-3000,4088
129,2020-9-6-1-15-8-20678,2,-956,-16588,-900,-3504,1007,1493
130,2020-9-6-1-15-8-20767,4,2536,-13408,9200,-3824,-4625,3855
131,2020-9-6-1-15-8-20858,3,800,-15904,4360,-4064,3551,1824
132,2020-9-6-1-15-8-21175,1,8660,-12156,-7476,-3472,-8093,11021
133,2020-9-6-1-15-8-21191,2,-4904,-16684,-1500,-3488,-29,3756
134,2020-9-6-1-15-8-21290,4,976,-18100,6692,-3856,-6739,9690
135,2020-9-6-1-15-9-21359,3,-700,-5380,-396,-4128,-16291,14269
136,2020-9-6-1-15-9-21666,1,14208,-6812,-9132,-3456,-5162,3107
137,2020-9-6-1-15-9-21683,2,-5820,-15956,-3308,-3504,-2142,2827
138,2020-9-6-1-15-9-21769,4,2172,-14868,2696,-3840,202,4472
139,2020-9-6-1-15-9-21861,3,7328,-11880,-2472,-4096,4077,-9515
140,2020-9-6-1-15-9-22168,1,7468,-6820,-15076,-3440,-5515,96
141,2020-9-6-1-15-9-22185,2,6068,-10588,-5068,-3504,17145,-5833
142,2020-9-6-1-15-9-22272,4,-4092,-16572,-1728,-3840,-4307,469
143,2020-9-6-1-15-10-22364,3,604,-17576,-1300,-4112,4737,-3006
144,2020-9-6-1-15-10-22671,1,13416,-5428,-14772,-3488,-837,15022
145,2020-9-6-1-15-10-22685,2,-2760,-17532,-40,-3488,-619,77
146,2020-9-6-1-15-10-22776,4,3112,-12228,3244,-3824,4057,7339
147,2020-9-6-1-15-10-22867,3,-1024,-8984,820,-4112,-6068,8428
148,2020-9-6-1-15-10-23172,1,11348,-11364,-7156,-3456,-9564,9481
149,2020-9-6-1-15-10-23188,2,-424,-17168,-828,-3520,-1410,2689
150,2020-9-6-1-15-10-23279,4,4272,-16496,9124,-3856,-10329,8593
151,2020-9-6-1-15-11-23367,3,-784,-17068,108,-4096,-7480,-67
152,2020-9-6-1-15-11-23677,1,9744,-10008,-11704,-3504,-4547,12270
153,2020-9-6-1-15-11-23690,2,-2940,-15792,4968,-3488,-4338,32767
154,2020-9-6-1-15-11-23780,4,4264,-14848,3652,-3856,-1009,13553
155,2020-9-6-1-15-11-23868,3,-580,-16904,-3080,-4096,1378,1272
156,2020-9-6-1-15-11-24176,1,4524,-13436,-9732,-3472,-6507,10728
157,2020-9-6-1-15-11-24192,2,-1888,-18244,-1768,-3488,-1140,4087
158,2020-9-6-1-15-11-24282,4,2640,-16340,9564,-3840,-3820,8902
159,2020-9-6-1-15-12-24381,3,-4336,-11304,1568,-4064,-6972,-306
160,2020-9-6-1-15-12-24678,1,11852,-10104,-7376,-3488,-4540,347
161,2020-9-6-1-15-12-24694,2,-3648,-17264,-1904,-3504,-3082,3156
162,2020-9-6-1-15-12-24789,4,5588,-16236,4620,-3856,-3622,1903
163,2020-9-6-1-15-12-24872,3,660,-15176,-15828,-4064,4288,2819
164,2020-9-6-1-15-12-25180,1,9472,-11004,-8956,-3488,2501,3308
165,2020-9-6-1-15-12-25196,2,-3168,-6864,2580,-3472,7450,-7273
166,2020-9-6-1-15-12-25284,4,3012,-13680,3968,-3888,2751,-3566
167,2020-9-6-1-15-13-25375,3,-2440,-16452,160,-4080,2735,-1490
168,2020-9-6-1-15-13-25682,1,12556,-10000,-7172,-3472,6307,-6057
169,2020-9-6-1-15-13-25699,2,-4796,-18944,2712,-3504,-6096,-14144
170,2020-9-6-1-15-13-25786,4,5168,-15576,4768,-3872,2713,-4118
171,2020-9-6-1-15-13-25877,3,-4404,-17880,2988,-4096,6708,-8994
172,2020-9-6-1-15-13-26184,1,10468,-11164,-3496,-3456,2084,-5105
173,2020-9-6-1-15-13-26200,2,-1516,-17068,-1948,-3488,-908,1957
174,2020-9-6-1-15-13-26285,4,6188,-13252,7244,-3856,521,-4774
175,2020-9-6-1-15-14-26381,3,13756,-22092,9028,-4080,-13951,9529
176,2020-9-6-1-15-14-26686,1,9440,-9852,-3428,-3504,-1093,-7534
177,2020-9-6-1-15-14-26702,2,-3140,-13648,-5416,-3536,-8381,2635
178,2020-9-6-1-15-14-26797,4,1584,-17904,7420,-3840,-3668,-7032
179,2020-9-6-1-15-14-26882,3,-2108,-15240,-3912,-4096,2135,-1320
180,2020-9-6-1-15-14-27193,1,8608,-12260,-10384,-3536,2638,-5820
181,2020-9-6-1-15-14-27204,2,-6548,-23412,-2372,-3488,22287,-18160
182,2020-9-6-1-15-14-27290,4,4764,-15152,3956,-3904,2848,-5251
183,2020-9-6-1-15-15-27383,3,-2672,-17304,668,-4096,4982,-2838
184,2020-9-6-1-15-15-27691,1,5000,-14952,-6432,-3488,-2296,-15831
185,2020-9-6-1-15-15-27706,2,-1164,-16792,1376,-3488,-817,1248
186,2020-9-6-1-15-15-27792,4,6208,-14252,11064,-3888,941,-1120
187,2020-9-6-1-15-15-27892,3,-68,-13068,-3048,-4096,-17129,8442
188,2020-9-6-1-15-15-28192,1,10400,-14112,-9196,-3488,-2671,-2930
189,2020-9-6-1-15-15-28208,2,-1920,-17500,-3216,-3504,-9647,1537
190,2020-9-6-1-15-15-28294,4,6708,-17104,8936,-3904,-3670,-1447
191,2020-9-6-1-15-16-28387,3,-2560,-14344,-3600,-4080,679,-6575
192,2020-9-6-1-15-16-28696,1,8792,-12192,-12236,-3488,2697,-5157
193,2020-9-6-1-15-16-28711,2,-3684,-23308,-64,-3488,26416,-20304
194,2020-9-6-1-15-16-28796,4,6564,-14028,3252,-3904,2793,-5287
195,2020-9-6-1-15-16-28894,3,-2884,-17392,388,-4064,6665,-3079
196,2020-9-6-1-15-16-29196,1,6392,-11552,-5864,-3488,2431,-3832
197,2020-9-6-1-15-16-29212,2,-1576,-17184,344,-3488,-2785,2074
198,2020-9-6-1-15-17-29300,4,4340,-14580,8716,-3872,2118,-4465
199,2020-9-6-1-15-17-29390,3,3680,-16932,-176,-4064,-26884,658
200,2020-9-6-1-15-17-29704,1,13124,-12860,-9436,-3520,-1521,-3269
201,2020-9-6-1-15-17-29715,2,-2376,-19296,-3404,-3504,-11468,-620
202,2020-9-6-1-15-17-29800,4,6492,-14676,7272,-3888,-1948,-7208
203,2020-9-6-1-15-17-29893,3,-3920,-16240,132,-4032,7955,4616
204,2020-9-6-1-15-17-30200,1,10980,-10584,-10268,-3504,6431,-8841
205,2020-9-6-1-15-17-30216,2,-7920,-23320,-4388,-3488,22746,-22210
206,2020-9-6-1-15-18-30302,4,5124,-14652,5848,-3936,3395,-11426
207,2020-9-6-1-15-18-30396,3,-3924,-16472,1216,-4048,2525,-3047
208,2020-9-6-1-15-18-30703,1,8964,-15264,-10660,-3536,8395,-7000
209,2020-9-6-1-15-18-30718,2,-1352,-16316,-1424,-3472,-980,-5760
210,2020-9-6-1-15-18-30803,4,4964,-9508,10852,-3920,6533,-9964
211,2020-9-6-1-15-18-30900,3,-40,-14788,-1200,-4064,-8254,-32768
212,2020-9-6-1-15-18-31203,1,7956,-13932,-2908,-3536,3672,-4844
213,2020-9-6-1-15-18-31220,2,-368,-16640,-2312,-3440,-276,-2233
214,2020-9-6-1-15-19-31305,4,5196,-11768,10696,-3920,1220,-9894
215,2020-9-6-1-15-19-31400,3,2856,-18008,-8620,-4016,3491,6101
216,2020-9-6-1-15-19-31706,1,4288,-11656,-6840,-3552,-1170,-4260
217,2020-9-6-1-15-19-31722,2,-6816,-15976,6608,-3472,-3951,-25848
218,2020-9-6-1-15-19-31810,4,5956,-14964,7236,-3936,237,-7111
219,2020-9-6-1-15-19-31899,3,-2460,-16552,-696,-4048,2773,-3467
220,2020-9-6-1-15-19-32209,1,9188,-13012,-6068,-3552,1584,-4920
221,2020-9-6-1-15-19-32226,2,-3296,-18612,-8412,-3504,10669,-7146
222,2020-9-6-1-15-20-32311,4,9580,-13164,4420,-3936,804,-577
223,2020-9-6-1-15-20-32404,3,-3452,-20968,-384,-4080,12860,-2708
224,2020-9-6-1-15-20-32710,1,9204,-12224,-6648,-3536,-3980,7844
225,2020-9-6-1-15-20-32726,2,-2676,-16336,1100,-3504,-3990,3128
226,2020-9-6-1-15-20-32811,4,9472,-12848,8712,-3936,-3851,6531
227,2020-9-6-1-15-20-32906,3,-9776,-24732,3752,-4096,-27739,22270
228,2020-9-6-1-15-20-33211,1,13736,-4664,-2476,-3568,-1381,-6786
229,2020-9-6-1-15-20-33227,2,-2244,-21264,-872,-3472,-7612,32767
230,2020-9-6-1-15-21-33314,4,6536,-15452,1920,-3920,-831,10754
231,2020-9-6-1-15-21-33406,3,-1588,-15880,-3404,-4096,3506,-1592
232,2020-9-6-1-15-21-33712,1,14012,-7388,-2600,-3536,3843,4446
233,2020-9-6-1-15-21-33730,2,-4844,-14852,-13128,-3456,-9749,-11038
234,2020-9-6-1-15-21-33816,4,13056,-13732,3440,-3920,1575,-439
235,2020-9-6-1-15-21-33907,3,-3072,-21940,-688,-4096,12318,-21111
236,2020-9-6-1-15-21-34215,1,14036,-12376,15948,-3504,369,-5644
237,2020-9-6-1-15-21-34231,2,-2408,-16464,560,-3472,-3144,1108
238,2020-9-6-1-15-22-34316,4,8000,-11928,7976,-3952,-1310,1019
239,2020-9-6-1-15-22-34411,3,-2760,-15960,8348,-4064,-175,-893
240,2020-9-6-1-15-22-34718,1,13168,-10068,1676,-3536,-1687,6055
241,2020-9-6-1-15-22-34733,2,-1676,-17068,-4120,-3456,-7510,4840
242,2020-9-6-1-15-22-34819,4,6960,-14952,3364,-3984,-3146,1048
243,2020-9-6-1-15-22-34912,3,-1404,-16720,-828,-4048,2300,1326
244,2020-9-6-1-15-22-35222,1,9184,-13040,5804,-3552,2098,4187
245,2020-9-6-1-15-22-35234,2,-2956,-9392,312,-3456,12759,-9141
246,2020-9-6-1-15-23-35321,4,9176,-12476,3384,-3952,287,-374
247,2020-9-6-1-15-23-35414,3,-4444,-15072,2604,-4016,1639,-3200
248,2020-9-6-1-15-23-35724,1,5140,-10992,6804,-3552,2309,-10344
249,2020-9-6-1-15-23-35738,2,-4304,-15900,-64,-3456,-5456,-5395
250,2020-9-6-1-15-23-35823,4,7996,-13516,7804,-3968,524,-2050
251,2020-9-6-1-15-23-35919,3,-932,-12832,-3760,-4064,-27329,19305
252,2020-9-6-1-15-23-36224,1,6164,-14076,6760,-3552,-4295,2726
253,2020-9-6-1-15-23-36239,2,-12176,-22608,-2328,-3488,-14333,13295
254,2020-9-6-1-15-24-36326,4,4504,-18516,1120,-3936,17,-2613
255,2020-9-6-1-15-24-36418,3,-2428,-16876,-2288,-4048,977,-1318
256,2020-9-6-1-15-24-36726,1,7608,-15452,-2672,-3552,-22287,-2018
257,2020-9-6-1-15-24-36741,2,-4364,-20460,-19924,-3472,13298,8445
258,2020-9-6-1-15-24-36828,4,12344,-15268,7472,-3968,-2925,4196
259,2020-9-6-1-15-24-36920,3,1568,-25260,1016,-4064,18818,-18623
260,2020-9-6-1-15-24-37230,1,8520,-12392,-16252,-3552,-2062,-4121
261,2020-9-6-1-15-24-37243,2,-1964,-16504,736,-3440,-499,4488
262,2020-9-6-1-15-25-37329,4,4736,-13180,10704,-4000,-7167,10126
263,2020-9-6-1-15-25-37423,3,-2180,-20396,2088,-4064,-4403,-7459
264,2020-9-6-1-15-25-37730,1,3644,-12832,-14584,-3568,-1482,11837
265,2020-9-6-1-15-25-37745,2,1552,-15736,6944,-3456,-3344,25777
266,2020-9-6-1-15-25-37830,4,5716,-12952,3468,-3968,-2848,9324
267,2020-9-6-1-15-25-37924,3,-696,-16272,-2576,-4064,2751,1808
268,2020-9-6-1-15-25-38232,1,5160,-11300,-11892,-3552,-2584,7248
269,2020-9-6-1-15-25-38248,2,-1840,-16460,508,-3440,-2143,1865
270,2020-9-6-1-15-26-38334,4,4768,-12388,9348,-3968,-2619,8981
271,2020-9-6-1-15-26-38426,3,-8992,-9156,1468,-4048,5051,27634
272,2020-9-6-1-15-26-38740,1,7060,-13148,-6932,-3584,-3783,4511
273,2020-9-6-1-15-26-38749,2,-3060,-16272,-400,-3472,-3597,4843
274,2020-9-6-1-15-26-38835,4,7836,-13036,8452,-3952,-3625,1763
275,2020-9-6-1-15-26-38928,3,-5796,-14944,13736,-4032,2921,3978
276,2020-9-6-1-15-26-39235,1,4044,-9296,-10052,-3568,-746,-1775
277,2020-9-6-1-15-26-39252,2,-9572,-14312,-8508,-3488,-12804,13088
278,2020-9-6-1-15-27-39338,4,6132,-18448,6700,-3984,1510,1337
279,2020-9-6-1-15-27-39430,3,-2684,-16060,-124,-4064,3803,-432
280,2020-9-6-1-15-27-39737,1,7080,-14800,-11352,-3568,1464,-3748
281,2020-9-6-1-15-27-39753,2,-84,-19460,-9748,-3440,-11816,-14758
282,2020-9-6-1-15-27-39839,4,9052,-14856,11064,-4000,3015,-488
283,2020-9-6-1-15-27-39930,3,-1000,-17656,924,-4064,12601,-13333
284,2020-9-6-1-15-27-40239,1,7480,-12980,-7396,-3552,-1742,5649
285,2020-9-6-1-15-27-40255,2,-2948,-16280,880,-3456,-3888,2746
286,2020-9-6-1-15-28-40343,4,7556,-13608,7932,-3968,-3074,2358
287,2020-9-6-1-15-28-40435,3,-2380,-20664,6844,-4048,-16606,9704
288,2020-9-6-1-15-28-40741,1,7680,-14244,-8748,-3584,-3447,2412
289,2020-9-6-1-15-28-40757,2,-3468,-18028,-4160,-3440,-8794,3697
290,2020-9-6-1-15-28-40843,4,3768,-15040,5420,-4000,-680,-2333
291,2020-9-6-1-15-28-40936,3,-2384,-16380,-1672,-4064,2078,-113
292,2020-9-6-1-15-28-41243,1,8056,-12032,-9832,-3552,1243,-2724
293,2020-9-6-1-15-28-41259,2,-1948,-28776,-3648,-3472,27842,-15257
294,2020-9-6-1-15-29-41345,4,6740,-14560,4048,-4000,2454,-3472
295,2020-9-6-1-15-29-41437,3,-2740,-16408,644,-4080,3245,-1541
296,2020-9-6-1-15-29-41744,1,9280,-11868,-9500,-3584,1696,-2726
297,2020-9-6-1-15-29-41760,2,-668,-16632,668,-3440,785,1993
298,2020-9-6-1-15-29-41847,4,6736,-12004,9684,-4000,1025,-2924
299,2020-9-6-1-15-29-41939,3,-6084,-12612,7172,-4048,-1072,-12529
300,2020-9-6-1-15-29-42246,1,7252,-13420,-7008,-3568,5051,-12734
301,2020-9-6-1-15-29-42263,2,-1364,-16460,492,-3472,-2435,-3731
302,2020-9-6-1-15-30-42349,4,4068,-14304,9948,-3968,3854,-13340
303,2020-9-6-1-15-30-42441,3,4508,-16884,-3764,-4064,-5191,-11270
304,2020-9-6-1-15-30-42749,1,7180,-12744,-9320,-3568,2572,-7631
305,2020-9-6-1-15-30-42766,2,-3504,-16208,-1304,-3472,-7250,-11402
306,2020-9-6-1-15-30-42850,4,5332,-14248,3856,-4032,2655,-10524
307,2020-9-6-1-15-30-42943,3,-3036,-16336,-160,-4064,409,-3966
308,2020-9-6-1-15-30-43250,1,8408,-12660,-10000,-3584,4074,-9243
309,2020-9-6-1-15-30-43268,2,-4540,-20636,-1992,-3456,16105,-15615
310,2020-9-6-1-15-31-43353,4,7364,-14596,5348,-4032,4349,-7129
311,2020-9-6-1-15-31-43445,3,-3396,-16120,1088,-4048,2778,-4403
312,2020-9-6-1-15-31-43752,1,2872,-14008,-4484,-3584,1874,-484
313,2020-9-6-1-15-31-43768,2,-1560,-16744,-1120,-3472,-5748,-2676
314,2020-9-6-1-15-31-43865,4,7408,-13044,10972,-4000,3562,-5003
315,2020-9-6-1-15-31-43947,3,6400,-14828,-4664,-4032,-23080,4766
316,2020-9-6-1-15-31-44255,1,11696,-14792,-4112,-3568,-1150,-221
317,2020-9-6-1-15-31-44271,2,-2432,-19388,-2844,-3440,-9100,-565
318,2020-9-6-1-15-32-44357,4,6616,-16392,8056,-4032,-3522,-1520
319,2020-9-6-1-15-32-44453,3,-2204,-17456,-1140,-4048,1822,-1885
320,2020-9-6-1-15-32-44756,1,8184,-13128,-11336,-3568,-544,-2552
321,2020-9-6-1-15-32-44772,2,-272,-21948,-1664,-3472,26666,-7115
322,2020-9-6-1-15-32-44859,4,6856,-13164,3872,-4032,2280,219
323,2020-9-6-1-15-32-44951,3,-2448,-17040,8,-4032,6001,-1904
324,2020-9-6-1-15-32-45267,1,4612,-13232,-6920,-3568,-953,5204
325,2020-9-6-1-15-32-45275,2,-2504,-16708,2940,-3440,-2280,1963
326,2020-9-6-1-15-33-45361,4,6552,-13816,11388,-4032,-674,1978
327,2020-9-6-1-15-33-45455,3,-2576,-11320,-1216,-4064,-16091,11712
328,2020-9-6-1-15-33-45761,1,8452,-13176,-6516,-3584,-4840,4072
329,2020-9-6-1-15-33-45777,2,-4788,-17128,-1532,-3456,-5251,5419
330,2020-9-6-1-15-33-45862,4,8344,-13936,8156,-4000,-3093,3722
331,2020-9-6-1-15-33-45956,3,1044,-22164,9044,-4048,11991,16875
332,2020-9-6-1-15-33-46272,1,6900,-12304,-9248,-3584,-968,-2055
333,2020-9-6-1-15-33-46279,2,-1168,-9184,4628,-3424,17222,-8048
334,2020-9-6-1-15-34-46364,4,5264,-13112,2964,-4000,290,-561
335,2020-9-6-1-15-34-46457,3,-1988,-16196,-2312,-4064,3754,-1494
336,2020-9-6-1-15-34-46763,1,10636,-14368,-6312,-3600,-949,4477
337,2020-9-6-1-15-34-46780,2,-2972,-16800,-600,-3424,-937,773
338,2020-9-6-1-15-34-46866,4,5120,-13352,8388,-4016,-2126,8331
339,2020-9-6-1-15-34-46961,3,-5860,-20820,-852,-4032,-19519,31008
340,2020-9-6-1-15-34-47277,1,9188,-14608,-5744,-3568,-9729,6647
341,2020-9-6-1-15-34-47284,2,-780,-17764,-2284,-3456,3165,7853
342,2020-9-6-1-15-35-47368,4,6068,-18184,2788,-4032,-9922,12435
343,2020-9-6-1-15-35-47462,3,-840,-16256,-524,-4032,-1043,4526
344,2020-9-6-1-15-35-47767,1,10720,-8856,-10296,-3584,-3340,4561
345,2020-9-6-1-15-35-47784,2,-712,-15236,10360,-3424,875,2452
346,2020-9-6-1-15-35-47871,4,10160,-17072,4068,-3984,-1640,8980
347,2020-9-6-1-15-35-47964,3,2644,-19204,-1800,-4048,5018,1360
348,2020-9-6-1-15-35-48270,1,11804,-12016,-5212,-3600,-6106,7273
349,2020-9-6-1-15-35-48287,2,-2936,-16356,-2092,-3392,-2142,1305
350,2020-9-6-1-15-36-48374,4,5936,-13652,9740,-4016,-4609,9765
351,2020-9-6-1-15-36-48477,3,-3456,-14784,5272,-4064,-4172,20219
352,2020-9-6-1-15-36-48772,1,9964,-11164,-6840,-3552,-7303,4721
353,2020-9-6-1-15-36-48788,2,-3888,-15776,-2536,-3424,-1340,4973
354,2020-9-6-1-15-36-48875,4,8728,-11724,7700,-4016,-3781,2737
355,2020-9-6-1-15-36-48968,3,1040,-19336,-5616,-4048,8317,4698
356,2020-9-6-1-15-36-49273,1,10412,-11520,-12276,-3600,-629,159
357,2020-9-6-1-15-36-49289,2,1548,-9436,7880,-3472,6903,14779
358,2020-9-6-1-15-37-49378,4,5344,-11580,4072,-4016,1230,-3582
359,2020-9-6-1-15-37-49471,3,-2480,-16592,-860,-4048,3932,-678
360,2020-9-6-1-15-37-49775,1,12284,-12152,-8372,-3584,2914,894
361,2020-9-6-1-15-37-49793,2,-9736,-17244,-12796,-3440,-8294,-3432
362,2020-9-6-1-15-37-49879,4,4024,-14552,6136,-4064,1669,605
363,2020-9-6-1-15-37-49977,3,-1916,-16440,900,-4032,5868,-22113
364,2020-9-6-1-15-37-50280,1,10336,-11692,-2956,-3616,-2667,1050
365,2020-9-6-1-15-38-50296,2,-2028,-16440,780,-3440,-5510,2174
366,2020-9-6-1-15-38-50382,4,7124,-12044,9256,-4000,-1997,835
367,2020-9-6-1-15-38-50474,3,-4344,-16484,8976,-4048,7294,-1193
368,2020-9-6-1-15-38-50781,1,10244,-9312,-10480,-3600,-2445,-5317
369,2020-9-6-1-15-38-50801,2,-10300,-15420,-5920,-3424,-12736,6613
370,2020-9-6-1-15-38-50882,4,5540,-16300,6740,-4000,311,2288
371,2020-9-6-1-15-38-50977,3,-1944,-16556,-1276,-4048,2201,-2353
372,2020-9-6-1-15-38-51285,1,11668,-12256,-7740,-3600,1858,-642
373,2020-9-6-1-15-39-51300,2,2260,-18772,-5376,-3424,-13169,-12339
374,2020-9-6-1-15-39-51387,4,7072,-15564,9844,-4016,2215,-587
375,2020-9-6-1-15-39-51479,3,-4536,-18768,-4352,-4032,12228,-19833
376,2020-9-6-1-15-39-51784,1,10772,-11784,-2952,-3616,-3696,5374
377,2020-9-6-1-15-39-51800,2,-3296,-16200,-356,-3456,-3333,3234
378,2020-9-6-1-15-39-51885,4,5744,-14348,8088,-4032,-2705,2991
379,2020-9-6-1-15-39-51981,3,-3600,-16876,11756,-4016,-9034,3415
380,2020-9-6-1-15-39-52285,1,8396,-9088,-4304,-3616,-1759,-4198
381,2020-9-6-1-15-40-52302,2,-4740,-18860,3836,-3424,-7188,17628
382,2020-9-6-1-15-40-52388,4,4180,-17636,5532,-4016,268,-1862
383,2020-9-6-1-15-40-52490,3,-2228,-16152,-2580,-4048,2617,-3484
384,2020-9-6-1-15-40-52788,1,11688,-10404,-7152,-3632,8449,-6796
385,2020-9-6-1-15-40-52804,2,-6236,-15988,-2648,-3440,3383,-32768
386,2020-9-6-1-15-40-52891,4,6296,-14868,7092,-4032,7372,-9836
387,2020-9-6-1-15-40-52983,3,-3412,-17404,1500,-4032,4180,-7301
388,2020-9-6-1-15-40-53289,1,9820,-11892,-5940,-3616,8981,-12160
389,2020-9-6-1-15-41-53307,2,-132,-16028,-136,-3472,74,-2140
390,2020-9-6-1-15-41-53395,4,7096,-11172,11184,-4048,4582,-13515
391,2020-9-6-1-15-41-53486,3,0,-16136,-4080,-4048,-13878,-32768
392,2020-9-6-1-15-41-53791,1,13128,-9112,-5100,-3616,7769,-7994
393,2020-9-6-1-15-41-53814,2,-3356,-17276,-2884,-3440,-8979,-5867
394,2020-9-6-1-15-41-53897,4,2968,-12452,6384,-4048,2360,-9766
395,2020-9-6-1-15-41-53987,3,-3064,-16220,-2784,-4048,-1305,-1588
396,2020-9-6-1-15-41-54294,1,12508,-10244,-7368,-3584,3965,-4025
397,2020-9-6-1-15-42-54309,2,-5512,-19364,-1120,-3424,17392,-15928
398,2020-9-6-1-15-42-54397,4,4984,-14448,3944,-4048,2119,-4366
399,2020-9-6-1-15-42-54489,3,-4560,-16372,1216,-4032,5095,-5689
400,2020-9-6-1-15-42-54794,1,10912,-14464,-4032,-3632,630,-221
401,2020-9-6-1-15-42-54811,2,-2036,-15680,1992,-3424,-3199,2271
402,2020-9-6-1-15-42-54899,4,4276,-14000,5560,-4064,738,-1177
403,2020-9-6-1-15-42-54990,3,-252,-18752,-448,-4048,-30252,3905
404,2020-9-6-1-15-43-55299,1,12808,-11944,-4816,-3632,-1184,-1637
405,2020-9-6-1-15-43-55314,2,-4772,-21596,-3488,-3424,-12298,8167
406,2020-9-6-1-15-43-55402,4,3568,-14940,4052,-4080,-591,-2092
407,2020-9-6-1-15-43-55492,3,-2212,-16444,-3152,-4000,2759,-984
408,2020-9-6-1-15-43-55800,1,12756,-11188,-6728,-3648,141,2454
409,2020-9-6-1-15-43-55816,2,-6920,-24172,-12068,-3456,18956,-14419
410,2020-9-6-1-15-43-55902,4,9708,-16980,6248,-4064,2421,-255
411,2020-9-6-1-15-43-55995,3,-1584,-21716,1564,-4032,14131,-5956
412,2020-9-6-1-15-44-56301,1,9140,-11140,-2792,-3648,-5951,7059
413,2020-9-6-1-15-44-56318,2,-2576,-16620,212,-3424,-2521,3205
414,2020-9-6-1-15-44-56405,4,8672,-12192,8432,-4032,-3826,6747
415,2020-9-6-1-15-44-56498,3,-7968,-28776,2720,-4032,-26759,24826
416,2020-9-6-1-15-44-56803,1,13660,-15620,-7256,-3648,-1091,-1041
417,2020-9-6-1-15-44-56819,2,-212,-22912,-3196,-3456,-12135,5602
418,2020-9-6-1-15-44-56905,4,7452,-13820,2684,-4048,-1129,-2365
419,2020-9-6-1-15-44-57000,3,-1880,-16844,480,-4016,-1557,750
420,2020-9-6-1-15-45-57306,1,11376,-10428,-6620,-3632,5570,-4971
421,2020-9-6-1-15-45-57322,2,772,-23376,-3752,-3424,19905,-10684
422,2020-9-6-1-15-45-57407,4,8144,-14564,4828,-4048,4222,-4661
423,2020-9-6-1-15-45-57500,3,-1700,-19068,2920,-4000,7992,-5735
424,2020-9-6-1-15-45-57808,1,13624,-13528,-4616,-3616,-2330,5669
425,2020-9-6-1-15-45-57824,2,-2492,-16556,420,-3456,-3263,2122
426,2020-9-6-1-15-45-57910,4,5568,-14468,8352,-4064,-2103,8244
427,2020-9-6-1-15-45-58002,3,-676,-18620,1768,-4048,-21202,13012
428,2020-9-6-1-15-46-58308,1,10772,-13524,-3748,-3664,-11184,8719
429,2020-9-6-1-15-46-58325,2,-3236,-17136,-3768,-3456,-2739,5304
430,2020-9-6-1-15-46-58411,4,7524,-13200,14188,-4064,-6664,14850
431,2020-9-6-1-15-46-58508,3,620,-13620,-1804,-4032,-2260,3380
432,2020-9-6-1-15-46-58811,1,12020,-9824,-8928,-3648,-4635,5377
433,2020-9-6-1-15-46-58828,2,5120,-20328,11312,-3408,-3958,18899
434,2020-9-6-1-15-46-58913,4,212,-12940,6156,-4080,-597,17513
435,2020-9-6-1-15-46-59006,3,-612,-16508,-2596,-4064,1486,1093
436,2020-9-6-1-15-47-59315,1,10300,-11032,-3988,-3632,-7507,11748
437,2020-9-6-1-15-47-59329,2,-2644,-16068,184,-3440,-448,1483
438,2020-9-6-1-15-47-59416,4,3420,-8900,8976,-4080,-595,6017
439,2020-9-6-1-15-47-59520,3,-5236,-16228,-1636,-4048,-6122,19654
440,2020-9-6-1-15-47-59815,1,11808,-13132,-3448,-3648,-3808,3792
441,2020-9-6-1-15-47-59834,2,-5912,-16016,-692,-3472,-1927,4606
442,2020-9-6-1-15-47-59917,4,2732,-11120,12612,-4080,-750,8340
443,2020-9-6-1-15-47-60010,3,2404,-16360,2040,-4016,3955,-5539
444,2020-9-6-1-15-48-60318,1,11072,-11988,-6628,-3632,-1289,-2258
445,2020-9-6-1-15-48-60334,2,4272,-14200,7596,-3456,6400,18712
446,2020-9-6-1-15-48-60422,4,2652,-11608,4716,-4080,-1275,-1773
447,2020-9-6-1-15-48-60513,3,-3384,-16824,836,-4016,3341,-1630
448,2020-9-6-1-15-48-60818,1,9520,-10536,-4756,-3648,3016,-4346
449,2020-9-6-1-15-48-60836,2,448,-18056,-3800,-3456,-9598,-17396
450,2020-9-6-1-15-48-60921,4,6256,-13144,9656,-4080,3997,-4887
451,2020-9-6-1-15-48-61014,3,-4984,-7520,-2216,-4016,10644,-10410
452,2020-9-6-1-15-49-61323,1,9288,-13920,-2668,-3648,-2631,-741
453,2020-9-6-1-15-49-61336,2,-3352,-17344,-2148,-3440,-5701,1832
454,2020-9-6-1-15-49-61423,4,4680,-14900,10216,-4048,-2964,1356
455,2020-9-6-1-15-49-61518,3,1832,-14196,-24944,-4016,4269,-10426
456,2020-9-6-1-15-49-61824,1,9360,-14084,-7340,-3616,-2190,-1430
457,2020-9-6-1-15-49-61841,2,2140,-11208,3980,-3440,13826,-2086
458,2020-9-6-1-15-49-61926,4,4060,-12500,3252,-4096,268,-213
459,2020-9-6-1-15-49-62019,3,-1808,-16140,-1904,-4016,3069,-2240
460,2020-9-6-1-15-50-62325,1,12552,-15092,-5844,-3648,3169,-1054
461,2020-9-6-1-15-50-62341,2,-2716,-20832,3244,-3408,-8891,-3660
462,2020-9-6-1-15-50-62429,4,800,-12820,9468,-4064,-600,1077
463,2020-9-6-1-15-50-62519,3,-1408,-7900,-8880,-4016,-2433,-10914
464,2020-9-6-1-15-50-62827,1,11992,-11408,-2924,-3632,-4536,1244
465,2020-9-6-1-15-50-62843,2,-3268,-16812,-732,-3424,-5374,3015
466,2020-9-6-1-15-50-62929,4,4396,-13424,9908,-4096,-2839,2606
467,2020-9-6-1-15-50-63022,3,11148,-20336,-13444,-4000,8855,7758
468,2020-9-6-1-15-51-63329,1,10368,-13444,-6800,-3648,-1461,375
469,2020-9-6-1-15-51-63344,2,2708,-7892,4596,-3424,8899,4900
470,2020-9-6-1-15-51-63430,4,5772,-11188,6144,-4096,402,-4290
471,2020-9-6-1-15-51-63524,3,-2608,-16340,-220,-4032,2085,-1631
472,2020-9-6-1-15-51-63833,1,11704,-15476,-5940,-3632,6663,-5658
473,2020-9-6-1-15-51-63846,2,-1308,-16948,244,-3424,-2898,-246
474,2020-9-6-1-15-51-63936,4,2712,-9932,10612,-4096,2020,-4115
475,2020-9-6-1-15-51-64027,3,1420,-8224,-9728,-4016,-10233,-22403
476,2020-9-6-1-15-52-64332,1,11620,-11928,-2144,-3648,957,-5960
477,2020-9-6-1-15-52-64349,2,-1976,-17204,-2496,-3440,-5922,1585
478,2020-9-6-1-15-52-64437,4,3916,-13704,11188,-4096,-3226,-4108
479,2020-9-6-1-15-52-64530,3,3576,-17664,-1356,-4000,13249,18821
480,2020-9-6-1-15-52-64837,1,12456,-11624,-7804,-3680,4731,-5897
481,2020-9-6-1-15-52-64851,2,-2276,-9264,-1404,-3408,-1353,-17388
482,2020-9-6-1-15-52-64937,4,4068,-13592,6700,-4096,660,-10652
483,2020-9-6-1-15-52-65030,3,-2992,-16064,-2632,-4032,2385,-3114
484,2020-9-6-1-15-53-65337,1,12144,-9228,-8300,-3680,11210,-9930
485,2020-9-6-1-15-53-65355,2,-8832,-15008,-3836,-3440,-1153,-3403
486,2020-9-6-1-15-53-65439,4,1672,-17428,7568,-4096,3637,-10282
487,2020-9-6-1-15-53-65534,3,-10564,-13380,2676,-4064,-5485,-32768
488,2020-9-6-1-15-53-65837,1,11404,-11092,-2344,-3664,3435,-6280
489,2020-9-6-1-15-53-65860,2,416,-16748,360,-3424,133,-3673
490,2020-9-6-1-15-53-65941,4,4072,-13568,12908,-4080,784,-10903
491,2020-9-6-1-15-53-66034,3,-2336,-15260,-2588,-4000,-2116,-11623
492,2020-9-6-1-15-54-66340,1,10864,-10936,-2276,-3648,4332,-11431
493,2020-9-6-1-15-54-66356,2,-3708,-13880,-4520,-3440,-9469,-9085
494,2020-9-6-1-15-54-66443,4,3400,-17112,8380,-4128,121,-4427
495,2020-9-6-1-15-54-66536,3,-1664,-16444,-856,-4016,3665,-1964
496,2020-9-6-1-15-54-66843,1,13968,-10884,-8880,-3648,3025,-1950
497,2020-9-6-1-15-54-66860,2,-3556,-15632,-11700,-3440,1753,-11871
498,2020-9-6-1-15-54-66946,4,9636,-13208,5532,-4096,845,-572
499,2020-9-6-1-15-54-67037,3,-3348,-23148,-1960,-4032,12982,-26397
500,2020-9-6-1-15-55-67345,1,8544,-12232,-2740,-3664,-7014,11218
501,2020-9-6-1-15-55-67360,2,-3824,-16452,188,-3424,-2911,2984
502,2020-9-6-1-15-55-67446,4,7804,-12628,8328,-4080,-4691,5454
503,2020-9-6-1-15-55-67540,3,-5320,-22600,12440,-4000,-17579,17673
504,2020-9-6-1-15-55-67847,1,7260,-9244,-5396,-3680,-6216,2400
505,2020-9-6-1-15-55-67862,2,-5820,-19700,7472,-3456,-6082,10765
506,2020-9-6-1-15-55-67949,4,9076,-15032,10764,-4096,-25,3277
507,2020-9-6-1-15-55-68042,3,-3088,-16176,-1504,-4064,1881,-1564
508,2020-9-6-1-15-56-68350,1,11828,-11300,-6288,-3664,4336,-3349
509,2020-9-6-1-15-56-68365,2,5772,-24692,3668,-3408,-10092,-12815
510,2020-9-6-1-15-56-68451,4,4968,-14872,4604,-4112,3636,-7426
511,2020-9-6-1-15-56-68544,3,-2728,-11572,-11868,-4000,-2174,-19213
512,2020-9-6-1-15-56-68850,1,12468,-11480,-1220,-3680,-332,-1259
513,2020-9-6-1-15-56-68866,2,-1680,-17352,-2196,-3440,-6542,1731
514,2020-9-6-1-15-56-69033,4,5656,-14324,9208,-4112,-3140,80
515,2020-9-6-1-15-56-69047,3,-6412,-23924,11264,-4032,14647,-600
516,2020-9-6-1-15-57-69351,1,12012,-11352,-4920,-3680,-1861,1089
517,2020-9-6-1-15-57-69369,2,416,-14444,-1336,-3456,21306,-8141
518,2020-9-6-1-15-57-69453,4,5892,-13032,4460,-4128,1475,-827
519,2020-9-6-1-15-57-69547,3,-1556,-16840,-852,-4016,6170,-3263
520,2020-9-6-1-15-57-69854,1,7604,-10020,-48,-3632,-725,1343
521,2020-9-6-1-15-57-69871,2,-2288,-16744,-280,-3440,-3777,2541
522,2020-9-6-1-15-57-69955,4,3132,-16504,8156,-4096,-2521,5227
523,2020-9-6-1-15-57-70048,3,-5576,-16800,1964,-4000,-17046,25057
524,2020-9-6-1-15-58-70369,1,13228,-13464,-4992,-3648,-10864,35
525,2020-9-6-1-15-58-70373,2,-4492,-16352,-3820,-3424,-4466,4241
526,2020-9-6-1-15-58-70461,4,7604,-11292,11288,-4128,-6163,13611
527,2020-9-6-1-15-58-70551,3,-5172,-16144,-5676,-3984,4862,9124
528,2020-9-6-1-15-58-70862,1,6448,-8728,-11452,-3696,-4838,11395
529,2020-9-6-1-15-58-70873,2,500,-14096,2436,-3408,15965,26849
530,2020-9-6-1-15-58-70960,4,4040,-14556,4444,-4128,-5191,14581
531,2020-9-6-1-15-58-71056,3,-1352,-16572,-636,-4016,-1063,3237
532,2020-9-6-1-15-59-71362,1,7064,-10872,-11684,-3680,-2536,7052
533,2020-9-6-1-15-59-71376,2,-1000,-17320,-988,-3424,1912,-1046
534,2020-9-6-1-15-59-71463,4,7944,-14260,6276,-4112,-2400,8575
535,2020-9-6-1-15-59-71555,3,-2244,-14000,3896,-4000,9722,19911
536,2020-9-6-1-15-59-71864,1,7456,-13996,-5160,-3680,-5952,10640
537,2020-9-6-1-15-59-71878,2,-2992,-16216,-240,-3408,-1100,5121
538,2020-9-6-1-15-59-71965,4,6788,-12912,8756,-4112,-4387,8263
539,2020-9-6-1-15-59-72057,3,-2136,-19184,-140,-4016,-16781,14339
540,2020-9-6-1-16-0-72366,1,11800,-14228,-5960,-3648,-694,146
541,2020-9-6-1-16-0-72380,2,-2788,-17752,-3148,-3440,-9745,4142
542,2020-9-6-1-16-0-72466,4,2984,-15092,6412,-4128,286,-5042
543,2020-9-6-1-16-0-72561,3,-1720,-16672,-3260,-4000,3774,4006
544,2020-9-6-1-16-0-72866,1,10060,-12688,-7284,-3696,1516,-2314
545,2020-9-6-1-16-0-72884,2,-4816,-25252,-5440,-3424,25477,-11224
546,2020-9-6-1-16-0-72969,4,5468,-14792,5652,-4144,1994,-3077
547,2020-9-6-1-16-0-73061,3,-3216,-17020,940,-4032,5099,-3534
548,2020-9-6-1-16-1-73368,1,6452,-13184,-3352,-3680,931,4465
549,2020-9-6-1-16-1-73383,2,-2404,-16068,1932,-3424,-2130,1199
550,2020-9-6-1-16-1-73469,4,3912,-13772,9344,-4128,-1163,1831
551,2020-9-6-1-16-1-73564,3,-1304,-15288,640,-4016,-22886,9606
552,2020-9-6-1-16-1-73871,1,13592,-13392,-3044,-3680,-2856,2511
553,2020-9-6-1-16-1-73886,2,-4244,-18620,-2892,-3440,-9088,1906
554,2020-9-6-1-16-1-73972,4,6096,-15524,8352,-4112,-3219,391
555,2020-9-6-1-16-1-74065,3,-1712,-17108,-312,-3984,1904,-1510
556,2020-9-6-1-16-2-74375,1,12140,-10704,-8700,-3696,412,-598
557,2020-9-6-1-16-2-74392,2,1856,-26060,-1424,-3408,30908,-8336
558,2020-9-6-1-16-2-74474,4,6280,-13548,4864,-4096,1394,248
559,2020-9-6-1-16-2-74567,3,-1964,-17424,1240,-4016,6654,-783
560,2020-9-6-1-16-2-74874,1,6300,-11432,-1084,-3664,-229,6455
561,2020-9-6-1-16-2-74889,2,-1008,-16648,664,-3424,-1460,-522
562,2020-9-6-1-16-2-74975,4,5188,-14864,10600,-4096,-1057,2494
563,2020-9-6-1-16-2-75069,3,-1412,-13628,-932,-4000,-19357,11876
564,2020-9-6-1-16-3-75377,1,12088,-13992,-4548,-3680,-4451,1222
565,2020-9-6-1-16-3-75392,2,-3472,-17424,-2124,-3408,-6466,3023
566,2020-9-6-1-16-3-75479,4,7700,-12552,9244,-4160,-2578,-966
567,2020-9-6-1-16-3-75571,3,-1308,-15588,-4092,-4032,8958,-1886
568,2020-9-6-1-16-3-75878,1,9648,-11228,-6172,-3680,4717,-8982
569,2020-9-6-1-16-3-75894,2,-596,-14436,1720,-3424,19638,-7142
570,2020-9-6-1-16-3-75981,4,5428,-13208,3996,-4144,3095,-8556
571,2020-9-6-1-16-3-76076,3,-2624,-16452,-1956,-4032,2225,-1815
572,2020-9-6-1-16-4-76383,1,11756,-11092,-8148,-3664,8958,-10895
573,2020-9-6-1-16-4-76395,2,-7496,-13084,-15440,-3440,-8396,-7569
574,2020-9-6-1-16-4-76483,4,1940,-21840,16864,-4128,4369,-5537
575,2020-9-6-1-16-4-76575,3,-11704,-11520,4884,-4016,-767,-32575
576,2020-9-6-1-16-4-76881,1,9320,-13060,-3652,-3680,8118,-12169
577,2020-9-6-1-16-4-76898,2,-312,-16432,-44,-3424,-1807,-1070
578,2020-9-6-1-16-4-76986,4,5172,-12652,10012,-4144,3133,-13695
579,2020-9-6-1-16-4-77078,3,-436,-17348,-4312,-4000,1727,-15160
580,2020-9-6-1-16-5-77385,1,10124,-11976,-7076,-3680,2304,-8250
581,2020-9-6-1-16-5-77400,2,-3144,-16564,-1828,-3456,-11353,-15986
582,2020-9-6-1-16-5-77486,4,4992,-16192,3768,-4128,1487,-8858
583,2020-9-6-1-16-5-77583,3,-3036,-15600,-2368,-4000,-239,-4167
584,2020-9-6-1-16-5-77886,1,11688,-11460,-7020,-3680,3077,-5036
585,2020-9-6-1-16-5-77904,2,-2708,-19404,-1728,-3408,14511,-9906
586,2020-9-6-1-16-5-77988,4,6256,-14804,4252,-4160,2050,-1341
587,2020-9-6-1-16-5-78082,3,-2920,-16712,1088,-3984,4104,-2877
588,2020-9-6-1-16-6-78388,1,6700,-11236,-3416,-3680,-2152,2546
589,2020-9-6-1-16-6-78404,2,-1852,-16524,2216,-3440,-2640,-75
590,2020-9-6-1-16-6-78490,4,3084,-15616,7376,-4128,341,-242
591,2020-9-6-1-16-6-78583,3,-1760,-13624,340,-4000,-19358,8639
592,2020-9-6-1-16-6-78890,1,12760,-15696,-5252,-3696,-4556,3869
593,2020-9-6-1-16-6-78906,2,-4296,-16972,-2392,-3424,-6417,4736
594,2020-9-6-1-16-6-78996,4,5784,-14200,7580,-4128,-2422,1448
595,2020-9-6-1-16-6-79085,3,-7600,-15904,1288,-4000,7031,-2188
596,2020-9-6-1-16-7-79391,1,10388,-11040,-7996,-3696,114,-1708
597,2020-9-6-1-16-7-79407,2,-1012,-18388,912,-3424,23145,-8429
598,2020-9-6-1-16-7-79495,4,4304,-13852,4280,-4160,2799,-3229
599,2020-9-6-1-16-7-79587,3,-2640,-16384,1436,-3984,4437,-3985
600,2020-9-6-1-16-7-79893,1,5268,-12668,-276,-3696,1615,640
601,2020-9-6-1-16-7-79910,2,-732,-17336,1184,-3408,-1616,2916
602,2020-9-6-1-16-7-79996,4,4016,-13964,9396,-4144,630,-3653
603,2020-9-6-1-16-7-80089,3,4300,-15664,-1520,-4016,-24982,7158
604,2020-9-6-1-16-8-80396,1,13840,-12164,-1012,-3696,-3640,2030
605,2020-9-6-1-16-8-80411,2,-3944,-20272,-3364,-3392,-10547,967
606,2020-9-6-1-16-8-80497,4,4404,-15832,6532,-4176,-3177,-671
607,2020-9-6-1-16-8-80591,3,-1300,-17684,-64,-4016,1986,-1377
608,2020-9-6-1-16-8-80897,1,12448,-10416,-8012,-3696,-789,2419
609,2020-9-6-1-16-8-80914,2,2016,-24972,-1272,-3424,28696,-3830
610,2020-9-6-1-16-8-80999,4,7188,-13508,3560,-4144,2213,2005
611,2020-9-6-1-16-8-81104,3,-1564,-18220,1372,-4000,7777,-1387
612,2020-9-6-1-16-9-81398,1,8268,-15888,-2120,-3680,-1836,7130
613,2020-9-6-1-16-9-81414,2,-2300,-16624,1596,-3408,-2303,1626
614,2020-9-6-1-16-9-81504,4,4376,-13332,7264,-4144,-1882,6275
615,2020-9-6-1-16-9-81595,3,-2028,-14464,3040,-4000,-17904,3910
616,2020-9-6-1-16-9-81902,1,12576,-12936,-2308,-3680,-6669,4514
617,2020-9-6-1-16-9-81917,2,-4056,-16664,-3092,-3424,-4829,2006
618,2020-9-6-1-16-9-82054,4,5372,-12868,8540,-4144,-4456,8626
619,2020-9-6-1-16-9-82099,3,2584,-32768,12888,-3984,11516,3386
620,2020-9-6-1-16-10-82404,1,10804,-11048,-8388,-3680,-10093,9721
621,2020-9-6-1-16-10-82418,2,-1740,-12736,892,-3408,13184,32767
622,2020-9-6-1-16-10-82505,4,4020,-14220,4356,-4176,-4015,13458
623,2020-9-6-1-16-10-82612,3,-1052,-16620,-932,-4016,2524,1774
624,2020-9-6-1-16-10-82906,1,10704,-10248,-5868,-3680,-4673,7065
625,2020-9-6-1-16-10-82924,2,-1076,-16000,8,-3424,3830,2405
626,2020-9-6-1-16-10-83013,4,5396,-14596,6460,-4160,-1360,7715
627,2020-9-6-1-16-10-83099,3,820,-15288,4168,-4000,7454,20149
628,2020-9-6-1-16-11-83407,1,11868,-11768,-5756,-3728,-13293,11353
629,2020-9-6-1-16-11-83423,2,-4636,-16284,1664,-3408,-407,6839
630,2020-9-6-1-16-11-83511,4,7304,-12856,9592,-4160,-5395,13041
631,2020-9-6-1-16-11-83603,3,-7068,-16272,932,-3968,-14142,22138
632,2020-9-6-1-16-11-83908,1,15044,-11792,-2676,-3712,-2310,1837
633,2020-9-6-1-16-11-83924,2,-5220,-20296,104,-3408,-7558,5708
634,2020-9-6-1-16-11-84022,4,4592,-14896,7312,-4160,-1085,-4875
635,2020-9-6-1-16-11-84105,3,-2736,-16228,-3148,-3984,859,-805
636,2020-9-6-1-16-12-84411,1,11288,-10824,-6916,-3696,1065,-4934
637,2020-9-6-1-16-12-84429,2,-6208,-31812,-6716,-3440,29965,-13416
638,2020-9-6-1-16-12-84515,4,7004,-14692,4204,-4192,2052,-4129
639,2020-9-6-1-16-12-84607,3,-2468,-17724,1196,-3984,6821,-2851
640,2020-9-6-1-16-12-84913,1,11736,-18816,-1136,-3696,2954,4555
641,2020-9-6-1-16-12-84928,2,-1736,-16736,632,-3456,-3019,1108
642,2020-9-6-1-16-12-85016,4,6328,-11536,7368,-4160,-446,4134
643,2020-9-6-1-16-12-85108,3,2956,-18560,-1892,-3968,-32528,-2884
644,2020-9-6-1-16-13-85414,1,13564,-13136,1152,-3680,-582,973
645,2020-9-6-1-16-13-85435,2,-2260,-18368,-4720,-3440,-8655,2894
646,2020-9-6-1-16-13-85518,4,6192,-15504,8840,-4144,-3107,-605
647,2020-9-6-1-16-13-85611,3,-1252,-16364,-2536,-4000,-264,-2981
648,2020-9-6-1-16-13-85919,1,14488,-10204,-8488,-3680,229,-2321
649,2020-9-6-1-16-13-85932,2,1108,-27348,-2380,-3408,29949,-7515
650,2020-9-6-1-16-13-86020,4,6440,-14512,4364,-4192,1382,-231
651,2020-9-6-1-16-13-86111,3,-2260,-16768,-504,-4000,5215,-1203
652,2020-9-6-1-16-14-86418,1,11112,-11740,-4916,-3680,851,-198
653,2020-9-6-1-16-14-86435,2,-1752,-16524,-504,-3408,-2515,-2560
654,2020-9-6-1-16-14-86522,4,4840,-12644,9128,-4128,243,5078
655,2020-9-6-1-16-14-86615,3,-2336,-9580,-56,-3984,-7427,750
656,2020-9-6-1-16-14-86920,1,12708,-10828,-3608,-3696,-4387,1599
657,2020-9-6-1-16-14-86939,2,-3596,-16848,-1928,-3424,-5937,2805
658,2020-9-6-1-16-14-87025,4,6296,-15428,7212,-4176,-2919,552
659,2020-9-6-1-16-14-87116,3,4580,-15640,-8248,-3968,9881,6521
660,2020-9-6-1-16-15-87422,1,10912,-11524,-5984,-3696,3470,-3319
661,2020-9-6-1-16-15-87438,2,2192,-11176,1840,-3392,9820,-5271
662,2020-9-6-1-16-15-87525,4,5328,-13004,5308,-4144,2391,-7892
663,2020-9-6-1-16-15-87618,3,-2396,-16388,-916,-4000,2444,-774
664,2020-9-6-1-16-15-87929,1,17820,-11796,-6668,-3696,6665,-1266
665,2020-9-6-1-16-15-87942,2,-744,-20028,-3188,-3456,-3553,-6365
666,2020-9-6-1-16-15-88030,4,6328,-12652,10632,-4176,2452,1019
667,2020-9-6-1-16-15-88120,3,-1340,-10928,-5508,-3984,3984,-29413
668,2020-9-6-1-16-16-88428,1,11964,-10220,-1824,-3728,-1943,-1890
669,2020-9-6-1-16-16-88442,2,-2352,-16112,320,-3408,-3472,1950
670,2020-9-6-1-16-16-88530,4,9088,-14408,8576,-4176,-2718,-3933
671,2020-9-6-1-16-16-88624,3,-4468,-23296,-7648,-3968,11852,13254
672,2020-9-6-1-16-16-88930,1,14212,-11440,-8080,-3712,4454,-5181
673,2020-9-6-1-16-16-88946,2,-1012,-12492,5112,-3424,13657,-10129
674,2020-9-6-1-16-16-89032,4,3808,-13548,4608,-4192,3313,-11335
675,2020-9-6-1-16-16-89123,3,-2680,-16272,-2164,-3984,1373,-3425
676,2020-9-6-1-16-17-89434,1,14948,-11708,-8944,-3728,14206,-9830
677,2020-9-6-1-16-17-89448,2,1856,-17272,-7492,-3440,-1700,-43
678,2020-9-6-1-16-17-89533,4,3936,-9616,9052,-4176,8467,-8749
679,2020-9-6-1-16-17-89625,3,-740,-15392,1888,-4000,-9229,-32768
680,2020-9-6-1-16-17-89932,1,12564,-10232,-2012,-3696,4308,-7010
681,2020-9-6-1-16-17-89948,2,-44,-16412,-1252,-3408,-1079,-2293
682,2020-9-6-1-16-17-90034,4,6172,-11912,11752,-4160,220,-8722
683,2020-9-6-1-16-17-90128,3,216,-15536,-3216,-3984,4188,-7871
684,2020-9-6-1-16-18-90436,1,13076,-9792,-9584,-3712,3336,-8999
685,2020-9-6-1-16-18-90451,2,-3164,-13068,-3752,-3408,-3047,-21585
686,2020-9-6-1-16-18-90536,4,4996,-15764,5000,-4144,395,-5369
687,2020-9-6-1-16-18-90630,3,-2292,-16208,-3412,-4016,2682,-4815
688,2020-9-6-1-16-18-90938,1,11756,-12688,-4824,-3728,1155,204
689,2020-9-6-1-16-18-90954,2,4516,-18776,-7040,-3440,-10873,-10031
690,2020-9-6-1-16-18-91039,4,10248,-14920,9884,-4160,379,4364
691,2020-9-6-1-16-18-91133,3,-4856,-16348,-10204,-4000,2336,-29407
692,2020-9-6-1-16-19-91437,1,11496,-11708,-4256,-3728,-7570,5520
693,2020-9-6-1-16-19-91460,2,-3932,-16360,-348,-3424,-5630,3269
694,2020-9-6-1-16-19-91541,4,8584,-12444,7048,-4160,-4364,1836
695,2020-9-6-1-16-19-91635,3,-2488,-17088,10148,-3968,6410,16735
696,2020-9-6-1-16-19-91943,1,12532,-9992,-10396,-3680,-3035,3306
697,2020-9-6-1-16-19-91959,2,2088,-10904,3928,-3424,11196,11857
698,2020-9-6-1-16-19-92043,4,6920,-10800,2848,-4176,-264,467
699,2020-9-6-1-16-19-92136,3,-2284,-16296,-232,-4000,2715,-2367
700,2020-9-6-1-16-20-92442,1,13632,-14228,-6468,-3664,4136,-1191
701,2020-9-6-1-16-20-92458,2,-2608,-16440,-264,-3376,-4555,-1721
702,2020-9-6-1-16-20-92547,4,3680,-10168,6216,-4160,3616,2518
703,2020-9-6-1-16-20-92637,3,2288,-7336,-6852,-3984,-11556,1036
704,2020-9-6-1-16-20-92945,1,12624,-12484,-444,-3712,-2357,-933
705,2020-9-6-1-16-20-92961,2,-1888,-16704,-1284,-3376,-5686,3372
706,2020-9-6-1-16-20-93046,4,8584,-13220,8156,-4192,-2393,1110
707,2020-9-6-1-16-20-93140,3,848,-21068,29668,-4016,16484,16349
708,2020-9-6-1-16-21-93446,1,13156,-11044,-6160,-3696,-1903,2761
709,2020-9-6-1-16-21-93463,2,-296,-11368,2632,-3408,14342,-6441
710,2020-9-6-1-16-21-93550,4,7328,-12292,2236,-4192,383,-1109
711,2020-9-6-1-16-21-93642,3,-1640,-15984,-2664,-3984,3174,-3415
712,2020-9-6-1-16-21-93951,1,13992,-14956,-6080,-3680,3540,-3741
713,2020-9-6-1-16-21-93965,2,444,-15836,1120,-3456,-4493,2687
714,2020-9-6-1-16-21-94057,4,5324,-8528,5964,-4192,422,4337
715,2020-9-6-1-16-21-94146,3,1668,-7496,-8456,-3968,-4671,-3352
716,2020-9-6-1-16-22-94449,1,13768,-9164,-1244,-3712,-4252,-552
717,2020-9-6-1-16-22-94466,2,-2768,-16096,-80,-3408,-6313,2903
718,2020-9-6-1-16-22-94554,4,7232,-12712,6812,-4176,-5070,3629
719,2020-9-6-1-16-22-94646,3,-5924,-23248,-8280,-3968,2486,-10756
720,2020-9-6-1-16-22-94952,1,11676,-9776,-3356,-3712,-5519,5534
721,2020-9-6-1-16-22-94968,2,104,-20820,-5284,-3392,27747,6875
722,2020-9-6-1-16-22-95061,4,6372,-14788,4752,-4192,-2806,5872
723,2020-9-6-1-16-22-95148,3,-980,-16808,-3068,-3968,12897,3443
724,2020-9-6-1-16-23-95454,1,11344,-11104,-2136,-3696,-8316,6509
725,2020-9-6-1-16-23-95471,2,-2436,-16616,-968,-3408,119,1810
726,2020-9-6-1-16-23-95558,4,5144,-14804,8816,-4176,-5587,10732
727,2020-9-6-1-16-23-95652,3,-17448,-14400,23456,-4000,5505,32571
728,2020-9-6-1-16-23-95957,1,13916,-9884,-8304,-3712,-5380,4152
729,2020-9-6-1-16-23-95971,2,1048,-14756,3008,-3424,-3672,18110
730,2020-9-6-1-16-23-96060,4,7120,-16496,4496,-4192,-774,7495
731,2020-9-6-1-16-23-96153,3,-948,-16624,-1564,-4000,1363,-142
732,2020-9-6-1-16-24-96458,1,12220,-12504,-3548,-3712,-4238,4917
733,2020-9-6-1-16-24-96474,2,-880,-16824,-1056,-3408,-2878,-3084
734,2020-9-6-1-16-24-96560,4,5436,-13580,7220,-4144,-2169,9417
735,2020-9-6-1-16-24-96654,3,452,-14908,1604,-3968,9696,8779
736,2020-9-6-1-16-24-96961,1,13056,-12344,-5312,-3728,-14428,11782
737,2020-9-6-1-16-24-96976,2,-6264,-17132,748,-3440,834,7727
738,2020-9-6-1-16-24-97064,4,9136,-11416,8564,-4176,-7032,11300
739,2020-9-6-1-16-24-97158,3,-4704,-20536,1868,-3952,-19787,22789
740,2020-9-6-1-16-25-97463,1,12964,-11296,-4092,-3712,1231,-4761
741,2020-9-6-1-16-25-97478,2,-3928,-18324,-3940,-3392,-8755,9995
742,2020-9-6-1-16-25-97564,4,4872,-15644,5420,-4144,542,-7273
743,2020-9-6-1-16-25-97660,3,-2844,-16392,-676,-3968,3577,1448
744,2020-9-6-1-16-25-97963,1,13032,-10940,-5080,-3728,-485,925
745,2020-9-6-1-16-25-97981,2,-6336,-23732,-5700,-3392,22794,-15891
746,2020-9-6-1-16-25-98069,4,9216,-15884,5576,-4176,3356,-3197
747,2020-9-6-1-16-25-98160,3,-2872,-17604,828,-4000,9022,-4000
748,2020-9-6-1-16-26-98468,1,11364,-12560,-4268,-3744,-1621,1807
749,2020-9-6-1-16-26-98481,2,-1968,-16256,768,-3408,-2560,1757
750,2020-9-6-1-16-26-98571,4,7812,-13216,8608,-4192,-1970,3476
751,2020-9-6-1-16-26-98661,3,-3160,-29920,1152,-3968,-32768,7677
752,2020-9-6-1-16-26-98969,1,10980,-11080,-2660,-3728,-892,-4112
753,2020-9-6-1-16-26-98986,2,-5500,-21496,-1380,-3440,-12700,11909
754,2020-9-6-1-16-26-99071,4,4108,-15032,584,-4192,-1887,-4221
755,2020-9-6-1-16-26-99163,3,-2128,-16632,556,-4016,1606,-2224
756,2020-9-6-1-16-27-99471,1,13848,-10332,-6924,-3744,1254,229
757,2020-9-6-1-16-27-99485,2,-9500,-16484,-18060,-3424,10842,-13308
758,2020-9-6-1-16-27-99572,4,10012,-16100,5112,-4192,2869,-1346
759,2020-9-6-1-16-27-99664,3,-1004,-19604,1352,-3984,12515,-4717
760,2020-9-6-1-16-27-99970,1,10956,-9904,-1252,-3728,-1944,2435
761,2020-9-6-1-16-27-99987,2,-2448,-16076,420,-3392,-1631,3079
762,2020-9-6-1-16-27-100075,4,9192,-12468,9856,-4176,-1523,3818
763,2020-9-6-1-16-27-100168,3,696,-25460,3396,-3936,-26346,6125
764,2020-9-6-1-16-28-100473,1,10936,-11092,-2852,-3680,29,-1282
765,2020-9-6-1-16-28-100491,2,-5220,-23624,-8,-3424,-10768,18852
766,2020-9-6-1-16-28-100579,4,4152,-14000,2012,-4192,-219,-6560
767,2020-9-6-1-16-28-100671,3,-2764,-16456,-840,-3984,1399,-4086
768,2020-9-6-1-16-28-100986,1,13576,-10736,-5544,-3696,5460,-3544
769,2020-9-6-1-16-28-100992,2,-8596,-13064,-21396,-3408,-4157,-19438
770,2020-9-6-1-16-28-101082,4,9080,-15976,11572,-4176,7707,2505
771,2020-9-6-1-16-28-101172,3,-4224,-17696,-2240,-3952,10498,-15372
772,2020-9-6-1-16-29-101479,1,12016,-9828,-1444,-3680,654,-3094
773,2020-9-6-1-16-29-101496,2,-1608,-16672,-876,-3408,-4169,1073
774,2020-9-6-1-16-29-101582,4,9288,-11420,9348,-4192,-786,-1414
775,2020-9-6-1-16-29-101675,3,6280,-18704,14088,-3968,6115,6235
776,2020-9-6-1-16-29-101978,1,14244,-9788,-10644,-3696,4128,-7359
777,2020-9-6-1-16-29-101994,2,1344,-8384,4748,-3392,1849,2204
778,2020-9-6-1-16-29-102081,4,7724,-11832,5188,-4176,4547,-10184
779,2020-9-6-1-16-29-102174,3,-2548,-16224,-2156,-3968,684,-3220
780,2020-9-6-1-16-30-102480,1,12516,-9928,-8748,-3712,13967,-12035
781,2020-9-6-1-16-30-102497,2,-10428,-14960,92,-3424,-982,-1157
782,2020-9-6-1-16-30-102595,4,4112,-14020,8532,-4176,10125,-10566
783,2020-9-6-1-16-30-102678,3,-9060,-14972,-4456,-4032,1313,-29904
784,2020-9-6-1-16-30-102986,1,11640,-13076,1056,-3664,6382,-13169
785,2020-9-6-1-16-30-103000,2,-560,-16932,-1676,-3424,-2351,-2093
786,2020-9-6-1-16-30-103086,4,7252,-11180,10360,-4176,2515,-8856
787,2020-9-6-1-16-30-103191,3,-4280,-15140,-612,-3952,-4072,-19097
788,2020-9-6-1-16-31-103484,1,10596,-8960,-5108,-3728,6318,-4166
789,2020-9-6-1-16-31-103506,2,-7024,-14312,-1156,-3440,-10328,-6271
790,2020-9-6-1-16-31-103589,4,4544,-17520,3116,-4192,1208,-6727
791,2020-9-6-1-16-31-103682,3,-2392,-16456,568,-3952,1229,-2010
792,2020-9-6-1-16-31-103988,1,13016,-12036,-1756,-3712,2323,-3810
793,2020-9-6-1-16-31-104003,2,-3496,-17152,-13256,-3440,5688,-4774
794,2020-9-6-1-16-31-104090,4,10408,-12544,3220,-4208,1405,-998
795,2020-9-6-1-16-31-104183,3,-3328,-20204,-2268,-4000,7542,-32768
796,2020-9-6-1-16-32-104489,1,11192,-11352,-3568,-3744,-8791,5070
797,2020-9-6-1-16-32-104506,2,-3564,-16236,392,-3392,-2430,4123
798,2020-9-6-1-16-32-104592,4,9480,-12844,7228,-4192,-6348,5334
799,2020-9-6-1-16-32-104687,3,-4816,-17872,10360,-3984,-7501,19951
800,2020-9-6-1-16-32-104991,1,8304,-6812,-6112,-3696,-1858,-3355
801,2020-9-6-1-16-32-105008,2,-5460,-16904,7252,-3440,-3751,12645
802,2020-9-6-1-16-32-105097,4,7528,-13320,6424,-4192,107,1386
803,2020-9-6-1-16-32-105188,3,-2324,-16508,260,-3968,5091,-775
804,2020-9-6-1-16-33-105493,1,13640,-10920,-6388,-3728,1912,721
805,2020-9-6-1-16-33-105510,2,-5048,-19384,18168,-3424,-6181,-10819
806,2020-9-6-1-16-33-105596,4,5568,-13440,7108,-4224,2111,-3569
807,2020-9-6-1-16-33-105689,3,-6148,-13408,-7072,-3984,7685,-8719
808,2020-9-6-1-16-33-106005,1,12308,-10360,-3064,-3744,-2940,290
809,2020-9-6-1-16-33-106012,2,-2092,-16852,-1084,-3392,-5459,2389
810,2020-9-6-1-16-33-106099,4,8480,-12228,7664,-4208,-2619,-728
811,2020-9-6-1-16-33-106193,3,9044,-20448,-2044,-3984,11684,345
812,2020-9-6-1-16-34-106496,1,14108,-7312,-12208,-3696,-461,-1387
813,2020-9-6-1-16-34-106513,2,-676,-10376,4100,-3408,11802,2303
814,2020-9-6-1-16-34-106600,4,6784,-11836,972,-4176,898,-2995
815,2020-9-6-1-16-34-106692,3,-1944,-16100,-2060,-3936,2367,-3213
816,2020-9-6-1-16-34-107000,1,15092,-8336,-4868,-3728,1011,2621
817,2020-9-6-1-16-34-107015,2,-20068,-14876,-27936,-3392,-15724,-5709
818,2020-9-6-1-16-34-107101,4,5032,-14456,756,-4208,-1179,226
819,2020-9-6-1-16-34-107194,3,-5384,-10728,-7824,-3984,-422,-2031
820,2020-9-6-1-16-35-107502,1,13060,-9372,-2792,-3744,-10003,6346
821,2020-9-6-1-16-35-107518,2,-3556,-16240,-992,-3392,-3147,4835
822,2020-9-6-1-16-35-107604,4,10088,-12020,7752,-4208,-6377,7882
823,2020-9-6-1-16-35-107700,3,-2836,-15552,4552,-3968,8748,13455
824,2020-9-6-1-16-35-108004,1,13904,-7224,-9576,-3680,-5856,-3640
825,2020-9-6-1-16-35-108019,2,-1812,-7160,5700,-3440,5084,19069
826,2020-9-6-1-16-35-108111,4,8764,-13304,5216,-4192,-2369,3244
827,2020-9-6-1-16-35-108200,3,-2324,-15936,-2600,-3984,-303,-1743
828,2020-9-6-1-16-36-108507,1,12032,-10752,-1144,-3744,-1702,4932
829,2020-9-6-1-16-36-108521,2,-2172,-16224,-600,-3408,-1804,142
830,2020-9-6-1-16-36-108608,4,7764,-13212,6676,-4208,-4977,5508
831,2020-9-6-1-16-36-108700,3,-15312,-23740,4904,-3984,-6134,32767
832,2020-9-6-1-16-36-109010,1,13464,-6924,-8516,-3712,-4679,793
833,2020-9-6-1-16-36-109023,2,-132,-14032,-648,-3392,5798,32767
834,2020-9-6-1-16-36-109110,4,9652,-13524,4836,-4224,-3434,7133
835,2020-9-6-1-16-36-109216,3,-2108,-16376,-1008,-4000,-311,2587
836,2020-9-6-1-16-37-109508,1,13632,-5532,-3276,-3712,6230,2594
837,2020-9-6-1-16-37-109524,2,-2096,-16656,7948,-3392,1030,2034
838,2020-9-6-1-16-37-109611,4,10376,-15468,8824,-4240,-256,3696
839,2020-9-6-1-16-37-109704,3,-152,-18680,-676,-3984,7045,-2252
840,2020-9-6-1-16-37-110011,1,15288,-6584,4312,-3696,4297,-1282
841,2020-9-6-1-16-37-110026,2,-2052,-16268,436,-3392,685,940
842,2020-9-6-1-16-37-110113,4,8244,-12100,9144,-4224,-2268,4879
843,2020-9-6-1-16-37-110205,3,-4600,-18204,8164,-3984,-11078,7353
844,2020-9-6-1-16-38-110516,1,9028,-8136,-25680,-3696,-1619,-14111
845,2020-9-6-1-16-38-110531,2,-3792,-18732,-2712,-3408,-9106,1645
846,2020-9-6-1-16-38-110619,4,5508,-14080,5348,-4224,31,-8452
847,2020-9-6-1-16-38-110708,3,-2144,-16204,-3252,-3952,-1568,-2467
848,2020-9-6-1-16-38-111015,1,3864,-7212,-17060,-3712,790,1832
849,2020-9-6-1-16-38-111033,2,-14264,-14552,-6396,-3408,-3421,-32768
850,2020-9-6-1-16-38-111117,4,6568,-13348,5304,-4208,3557,-6899
851,2020-9-6-1-16-38-111210,3,-1220,-16512,-2184,-3968,66,-1786
852,2020-9-6-1-16-39-111517,1,14692,-9376,-7820,-3712,5291,5145
853,2020-9-6-1-16-39-111533,2,-1564,-16480,-36,-3440,3866,-1673
854,2020-9-6-1-16-39-111619,4,7092,-11768,7824,-4240,4368,-3595
855,2020-9-6-1-16-39-111712,3,-3512,-15188,216,-3952,-4430,-32768
856,2020-9-6-1-16-39-112019,1,13828,-5996,-21856,-3712,9845,-4552
857,2020-9-6-1-16-39-112036,2,-1560,-16932,-836,-3392,-6213,-2918
858,2020-9-6-1-16-39-112121,4,8820,-15516,12176,-4208,5326,-15749
859,2020-9-6-1-16-39-112217,3,-3344,-15980,500,-3984,-4062,-2234
860,2020-9-6-1-16-40-112520,1,7520,-10332,-11880,-3696,6377,-26676
861,2020-9-6-1-16-40-112540,2,-6484,-16384,-152,-3424,16035,-14655
862,2020-9-6-1-16-40-112630,4,9264,-10160,5064,-4192,4189,1487
863,2020-9-6-1-16-40-112715,3,-5308,-15376,692,-4000,3897,-6109
864,2020-9-6-1-16-40-113027,1,992,-8820,-11048,-3680,-12675,10966
865,2020-9-6-1-16-40-113039,2,-1016,-18320,1216,-3408,-1194,3539
866,2020-9-6-1-16-40-113125,4,6124,-15260,8260,-4176,-3384,4226
867,2020-9-6-1-16-40-113223,3,-2404,-16692,1336,-3984,-19675,16216
868,2020-9-6-1-16-41-113525,1,5012,-8272,-17272,-3664,-11249,16056
869,2020-9-6-1-16-41-113543,2,-5888,-13108,-3116,-3392,-6603,8418
870,2020-9-6-1-16-41-113630,4,3528,-20968,5336,-4192,-16980,17676
871,2020-9-6-1-16-41-113720,3,852,-16040,-3972,-3936,126,458
872,2020-9-6-1-16-41-114027,1,5916,-12000,-13140,-3680,-14388,25140
873,2020-9-6-1-16-41-114042,2,-964,-16020,-48,-3408,15945,32767
874,2020-9-6-1-16-41-114131,4,8532,-11360,5440,-4192,-6851,15485
875,2020-9-6-1-16-41-114223,3,-836,-18384,-2084,-3936,2094,2411
876,2020-9-6-1-16-42-114528,1,11444,-16264,-19748,-3696,-5210,31729
877,2020-9-6-1-16-42-114544,2,-2224,-16124,528,-3392,-469,1755
878,2020-9-6-1-16-42-114632,4,13192,-10032,7156,-4192,-1038,-789
879,2020-9-6-1-16-42-114728,3,-3060,-14956,352,-3920,-9637,13543
880,2020-9-6-1-16-42-115031,1,12560,-9908,-8380,-3648,1382,-1537
881,2020-9-6-1-16-42-115047,2,-5056,-16880,-2800,-3408,-9683,2175
882,2020-9-6-1-16-42-115133,4,9684,-12716,3972,-4160,-839,-1950
883,2020-9-6-1-16-42-115225,3,-940,-17440,-2032,-3968,4750,-50
884,2020-9-6-1-16-43-115532,1,13840,-5112,-7904,-3664,-1437,387
885,2020-9-6-1-16-43-115549,2,-5712,-30996,-4632,-3376,29140,-16831
886,2020-9-6-1-16-43-115635,4,8980,-14332,3888,-4176,-760,5634
887,2020-9-6-1-16-43-115729,3,-3308,-18472,1280,-3952,6745,-1738
888,2020-9-6-1-16-43-116035,1,10760,-14204,-2560,-3664,-1779,4956
889,2020-9-6-1-16-43-116051,2,-2144,-16016,1916,-3424,-2704,956
890,2020-9-6-1-16-43-116137,4,9844,-11444,9300,-4176,-2770,1119
891,2020-9-6-1-16-43-116229,3,1916,-15044,1980,-3952,-22327,7728
892,2020-9-6-1-16-44-116536,1,12544,-13248,-9108,-3648,-3547,5152
893,2020-9-6-1-16-44-116553,2,-3308,-19208,-2476,-3440,-10615,2284
894,2020-9-6-1-16-44-116639,4,10800,-13236,7144,-4192,-3542,1103
895,2020-9-6-1-16-44-116733,3,-3292,-18020,-528,-3968,2498,-3173
896,2020-9-6-1-16-44-117038,1,11548,-8972,-10304,-3696,915,-1711
897,2020-9-6-1-16-44-117055,2,-4344,-32768,-5552,-3440,32767,-13082
898,2020-9-6-1-16-44-117149,4,11620,-11768,5972,-4160,3577,-1761
899,2020-9-6-1-16-44-117233,3,-1784,-18348,1620,-3952,11658,-753
900,2020-9-6-1-16-45-117540,1,11352,-10812,-9748,-3632,-2726,-2845
901,2020-9-6-1-16-45-117557,2,-2696,-16700,-240,-3440,-2717,3594
902,2020-9-6-1-16-45-117642,4,8488,-9224,9808,-4176,-36,-2960
903,2020-9-6-1-16-45-117737,3,-4004,-32244,4120,-3968,-32768,7808
904,2020-9-6-1-16-45-118044,1,10188,-11576,-8180,-3680,-3989,3780
905,2020-9-6-1-16-45-118060,2,-6152,-15480,2920,-3392,-8696,32767
906,2020-9-6-1-16-45-118164,4,8448,-10300,6036,-4208,-1930,3052
907,2020-9-6-1-16-45-118237,3,-2120,-16320,-2248,-3936,2253,-2814
908,2020-9-6-1-16-46-118546,1,11684,-10088,-9264,-3664,3851,-1361
909,2020-9-6-1-16-46-118560,2,-7900,-15064,-14436,-3424,-8099,-17804
910,2020-9-6-1-16-46-118646,4,11464,-14808,8720,-4176,2552,726
911,2020-9-6-1-16-46-118741,3,-6180,-21604,684,-3968,15304,-14929
912,2020-9-6-1-16-46-119047,1,12488,-9348,-4712,-3696,1734,-3167
913,2020-9-6-1-16-46-119067,2,-1400,-16480,932,-3408,-2746,1162
914,2020-9-6-1-16-46-119150,4,9872,-9564,9972,-4192,5061,-7020
915,2020-9-6-1-16-46-119241,3,5232,-19244,8620,-3920,8435,13189
916,2020-9-6-1-16-47-119549,1,12516,-8572,-12804,-3664,4876,-5932
917,2020-9-6-1-16-47-119564,2,864,-8724,10808,-3456,2513,6108
918,2020-9-6-1-16-47-119650,4,9600,-12500,6836,-4160,4079,-4713
919,2020-9-6-1-16-47-119743,3,-2792,-16060,-1232,-3952,2463,-1972
920,2020-9-6-1-16-47-120051,1,14824,-11460,-10796,-3680,10898,-4169
921,2020-9-6-1-16-47-120066,2,-3872,-15024,9536,-3424,-280,796
922,2020-9-6-1-16-47-120154,4,8688,-12948,13404,-4192,9074,-28686
923,2020-9-6-1-16-47-120245,3,-4624,-13412,-660,-3952,-6836,-32768
924,2020-9-6-1-16-48-120551,1,12592,-12876,-3892,-3664,5413,-8104
925,2020-9-6-1-16-48-120567,2,696,-16768,572,-3392,-4237,-1584
926,2020-9-6-1-16-48-120655,4,10132,-10328,7608,-4208,6166,-6526
927,2020-9-6-1-16-48-120747,3,3012,-19728,1828,-3936,6254,5435
928,2020-9-6-1-16-48-121054,1,11460,-9284,-12992,-3680,4972,-6114
929,2020-9-6-1-16-48-121071,2,-5148,-13968,-4856,-3408,-1908,-20205
930,2020-9-6-1-16-48-121157,4,9944,-11488,4008,-4192,5625,-4360
931,2020-9-6-1-16-48-121249,3,-2716,-16144,-1908,-3936,2891,-4021
932,2020-9-6-1-16-49-121557,1,10740,-11756,-9376,-3696,4186,-2538
933,2020-9-6-1-16-49-121571,2,380,-15996,-7340,-3424,-9073,-12035
934,2020-9-6-1-16-49-121659,4,11868,-12512,9492,-4160,-2311,5674
935,2020-9-6-1-16-49-121751,3,-11724,-14400,5884,-3968,12140,-23410
936,2020-9-6-1-16-49-122057,1,11596,-11064,-7796,-3664,-7534,-2161
937,2020-9-6-1-16-49-122074,2,-2816,-16364,-476,-3440,-4064,4116
938,2020-9-6-1-16-49-122161,4,12036,-9168,8324,-4224,-655,-2475
939,2020-9-6-1-16-49-122254,3,-2444,-17540,10120,-3920,9605,13466
940,2020-9-6-1-16-50-122560,1,11352,-9892,-12844,-3680,-1361,2683
941,2020-9-6-1-16-50-122575,2,3400,-11184,4684,-3424,14202,6285
942,2020-9-6-1-16-50-122666,4,9256,-9476,5452,-4208,-883,5707
943,2020-9-6-1-16-50-122755,3,-2068,-16620,416,-3952,3740,-1701
944,2020-9-6-1-16-50-123062,1,11816,-12024,-9612,-3680,2162,-35
945,2020-9-6-1-16-50-123077,2,516,-15768,-884,-3424,-6104,-1878
946,2020-9-6-1-16-50-123166,4,3636,-7884,10160,-4224,-326,-5005
947,2020-9-6-1-16-50-123258,3,1716,-8872,-6408,-3920,-16120,11504
948,2020-9-6-1-16-51-123563,1,15160,-12316,-8936,-3664,-3998,-119
949,2020-9-6-1-16-51-123580,2,-1712,-18484,-3172,-3392,-9676,3546
950,2020-9-6-1-16-51-123667,4,7648,-13540,13988,-4224,-2636,521
951,2020-9-6-1-16-51-123758,3,-2504,-16544,-2980,-3968,2223,-2467
952,2020-9-6-1-16-51-124066,1,13012,-8416,-11984,-3680,119,-3791
953,2020-9-6-1-16-51-124082,2,2368,-18672,-1696,-3424,24732,1946
954,2020-9-6-1-16-51-124168,4,9324,-10688,6976,-4208,1137,-2205
955,2020-9-6-1-16-51-124262,3,-2488,-17748,232,-3968,8627,-2848
956,2020-9-6-1-16-52-124569,1,6376,-11480,-3644,-3664,-2218,6799
957,2020-9-6-1-16-52-124588,2,-3336,-16980,476,-3392,-5071,2510
958,2020-9-6-1-16-52-124670,4,7500,-9956,12392,-4224,304,-3868
959,2020-9-6-1-16-52-124763,3,-2224,-15588,-32,-3952,-25234,11076
960,2020-9-6-1-16-52-125069,1,21188,-11404,-11380,-3648,-233,7221
961,2020-9-6-1-16-52-125087,2,-6088,-19836,-2920,-3408,-10891,2771
962,2020-9-6-1-16-52-125171,4,10464,-11800,7420,-4224,-892,198
963,2020-9-6-1-16-52-125268,3,-1480,-16624,-2804,-3952,1512,-5087
964,2020-9-6-1-16-53-125573,1,15820,-6912,-6784,-3696,6931,-4014
965,2020-9-6-1-16-53-125589,2,-11704,-22856,-32768,-3408,-29118,-15023
966,2020-9-6-1-16-53-125674,4,7244,-18452,10156,-4192,-2015,3419
967,2020-9-6-1-16-53-125768,3,-248,-16472,552,-3952,4275,-5420
968,2020-9-6-1-16-53-126074,1,12832,-4480,-4396,-3696,-5241,-2677
969,2020-9-6-1-16-53-126089,2,-13752,-21420,-32768,-3392,20641,4381
970,2020-9-6-1-16-53-126177,4,10156,-13344,7620,-4240,-356,8149
971,2020-9-6-1-16-53-126273,3,-11764,-17524,-3084,-3952,17625,-1852
972,2020-9-6-1-16-54-126575,1,13568,-11976,-6752,-3680,-14425,11075
973,2020-9-6-1-16-54-126592,2,-4392,-16936,-1292,-3408,-3205,3194
974,2020-9-6-1-16-54-126679,4,6180,-12344,12736,-4208,-14224,13406
975,2020-9-6-1-16-54-126772,3,2960,-15960,21496,-3968,5870,2284
976,2020-9-6-1-16-54-127077,1,10384,-6772,-13528,-3680,-13783,8249
977,2020-9-6-1-16-54-127093,2,-5656,-12364,-5264,-3376,9297,32767
978,2020-9-6-1-16-54-127179,4,7176,-13520,6356,-4160,-8038,11550
979,2020-9-6-1-16-54-127274,3,-488,-16676,-912,-3936,-278,2980
980,2020-9-6-1-16-55-127583,1,10256,-10488,-11484,-3664,-7652,11796
981,2020-9-6-1-16-55-127595,2,-64,-16312,1316,-3408,1717,-4163
982,2020-9-6-1-16-55-127682,4,9208,-11448,8752,-4192,-4727,7744
983,2020-9-6-1-16-55-127776,3,-2060,-17560,-3108,-3952,7249,23010
984,2020-9-6-1-16-55-128081,1,10356,-10268,-6440,-3664,-2348,2757
985,2020-9-6-1-16-55-128099,2,-2580,-16612,356,-3424,-3064,2827
986,2020-9-6-1-16-55-128186,4,11988,-10924,7540,-4208,3061,-1493
987,2020-9-6-1-16-55-128277,3,1516,-21480,2188,-3936,-19679,-2172
988,2020-9-6-1-16-56-128586,1,14708,-9636,-10616,-3664,1148,11366
989,2020-9-6-1-16-56-128599,2,-6144,-24000,-1032,-3424,-14083,15439
990,2020-9-6-1-16-56-128687,4,10028,-10676,4936,-4192,2769,-8094
991,2020-9-6-1-16-56-128781,3,-4332,-15004,-3484,-3936,5026,3552
992,2020-9-6-1-16-56-129093,1,15244,-4740,-4956,-3664,4099,-3726
993,2020-9-6-1-16-56-129111,2,-9516,-23904,-9900,-3392,18193,-19889
994,2020-9-6-1-16-56-129192,4,11800,-14504,2408,-4176,4479,-299
995,2020-9-6-1-16-56-129287,3,-2104,-17404,300,-3904,7286,-4624
996,2020-9-6-1-16-57-129587,1,14588,-10764,-5464,-3664,-5435,-3895
997,2020-9-6-1-16-57-129602,2,-2812,-16344,2772,-3424,-2211,2579
998,2020-9-6-1-16-57-129689,4,9312,-10176,9324,-4208,-4428,6086
999,2020-9-6-1-16-57-129782,3,-1420,-10888,2220,-3936,-20729,8723
1000,2020-9-6-1-16-57-130089,1,14500,-9564,-10204,-3680,-3855,1309
1001,2020-9-6-1-16-57-130104,2,-3536,-17344,-3316,-3392,-9128,4721
1002,2020-9-6-1-16-57-130192,4,12112,-13516,7012,-4160,-4277,2474
1003,2020-9-6-1-16-57-130284,3,-4020,-15656,-228,-3936,3768,-3665
1004,2020-9-6-1-16-58-130592,1,12932,-8612,-11944,-3648,3509,-1696
1005,2020-9-6-1-16-58-130608,2,-5428,-27352,-1328,-3392,30856,-12946
1006,2020-9-6-1-16-58-130697,4,10680,-11480,6804,-4176,3615,-1790
1007,2020-9-6-1-16-58-130787,3,-3336,-16988,1408,-3904,7056,-1673
1008,2020-9-6-1-16-58-131094,1,12968,-12336,-180,-3680,638,-2139
1009,2020-9-6-1-16-58-131109,2,-2064,-16500,-748,-3392,-4925,401
1010,2020-9-6-1-16-58-131195,4,8184,-9668,8396,-4192,-822,-2301
1011,2020-9-6-1-16-58-131290,3,1968,-20668,328,-3920,-31075,3339
1012,2020-9-6-1-16-59-131595,1,18996,-7900,-6796,-3664,-3498,-134
1013,2020-9-6-1-16-59-131611,2,-2736,-19548,-4036,-3392,-10554,3448
1014,2020-9-6-1-16-59-131699,4,10480,-13684,7516,-4208,-5198,2547
1015,2020-9-6-1-16-59-131790,3,-1188,-16464,-4436,-3952,1781,-525
1016,2020-9-6-1-16-59-132099,1,14080,-6612,-11040,-3664,3428,-993
1017,2020-9-6-1-16-59-132113,2,-2748,-30928,-2392,-3392,28442,-11850
1018,2020-9-6-1-16-59-132200,4,10356,-13336,5092,-4144,3144,-3482
1019,2020-9-6-1-16-59-132292,3,-2676,-16860,712,-3904,4804,-2539
1020,2020-9-6-1-17-0-132605,1,12300,-6656,-4304,-3632,-1591,2080
1021,2020-9-6-1-17-0-132625,2,-1792,-16388,668,-3424,362,2231
1022,2020-9-6-1-17-0-132704,4,7588,-9652,7520,-4208,-933,195
1023,2020-9-6-1-17-0-132803,3,-2820,-8824,304,-3936,-10072,8904
1024,2020-9-6-1-17-0-133101,1,15368,-6600,-6312,-3664,-3036,-1166
1025,2020-9-6-1-17-0-133119,2,-2800,-16996,-1104,-3408,-7401,3559
1026,2020-9-6-1-17-0-133205,4,10996,-10824,7908,-4176,-363,-2203
1027,2020-9-6-1-17-1-133299,3,-7144,-24244,25736,-3936,17717,22901
1028,2020-9-6-1-17-1-133605,1,14704,-6984,-7640,-3664,8080,-7115
1029,2020-9-6-1-17-1-133620,2,-9168,-20488,1960,-3408,22342,-25213
1030,2020-9-6-1-17-1-133707,4,8760,-9656,9036,-4160,7549,-5240
1031,2020-9-6-1-17-1-133799,3,-3212,-15952,-424,-3936,3338,-3369
1032,2020-9-6-1-17-1-134104,1,11736,-14068,-2964,-3664,11340,-3322
1033,2020-9-6-1-17-1-134121,2,348,-18012,-1280,-3376,3110,1921
1034,2020-9-6-1-17-1-134210,4,7848,-7944,9908,-4176,9646,-11466
1035,2020-9-6-1-17-2-134299,3,4996,-15820,-6936,-3920,-8075,-32768
1036,2020-9-6-1-17-2-134607,1,13704,-9928,-2856,-3664,8339,-8811
1037,2020-9-6-1-17-2-134622,2,732,-17312,-1800,-3408,-3657,-434
1038,2020-9-6-1-17-2-134710,4,8988,-9848,7972,-4208,3624,-6669
1039,2020-9-6-1-17-2-134802,3,-2612,-17076,-672,-3936,1609,2422
1040,2020-9-6-1-17-2-135108,1,14100,-7340,-9464,-3664,3241,-4786
1041,2020-9-6-1-17-2-135141,2,-4916,-14756,-696,-3392,6556,-13148
1042,2020-9-6-1-17-2-135211,4,9948,-10180,5176,-4176,70,1770
1043,2020-9-6-1-17-3-135305,3,-2296,-16800,-376,-3936,7025,-960
1044,2020-9-6-1-17-3-135612,1,13796,-11156,-6472,-3664,2383,3616
1045,2020-9-6-1-17-3-135628,2,7984,-30988,-1920,-3392,-12503,-12882
1046,2020-9-6-1-17-3-135715,4,10832,-11984,10900,-4208,-3848,5519
1047,2020-9-6-1-17-3-135806,3,-6656,-7388,-11948,-3936,-3936,-9406
1048,2020-9-6-1-17-3-136113,1,14244,-8384,-5380,-3632,-6588,1444
1049,2020-9-6-1-17-3-136132,2,-3176,-16888,-1508,-3344,-7792,2940
1050,2020-9-6-1-17-3-136217,4,9932,-21132,9536,-4160,-14827,10598
1051,2020-9-6-1-17-4-136309,3,-2476,-15976,-4444,-3904,269,-7539
1052,2020-9-6-1-17-4-136615,1,11440,-7748,-10812,-3696,-2308,2268
1053,2020-9-6-1-17-4-136634,2,-664,-25080,-11500,-3408,29936,17103
1054,2020-9-6-1-17-4-136717,4,10056,-7776,2148,-4176,-4542,4619
1055,2020-9-6-1-17-4-136814,3,-936,-19604,-504,-3936,9184,-25
1056,2020-9-6-1-17-4-137118,1,9508,-12560,-4972,-3696,1810,1823
1057,2020-9-6-1-17-4-137131,2,-2380,-16292,1228,-3360,-259,1173
1058,2020-9-6-1-17-4-137219,4,13084,-13252,2212,-4208,502,4811
1059,2020-9-6-1-17-5-137314,3,3080,-22048,12176,-3904,-15011,-5434
1060,2020-9-6-1-17-5-137619,1,7256,-14664,-4916,-3664,-1447,1449
1061,2020-9-6-1-17-5-137634,2,-2088,-16328,1528,-3360,308,252
1062,2020-9-6-1-17-5-137721,4,12392,-11672,3116,-4192,-284,615
1063,2020-9-6-1-17-5-137814,3,844,-16372,-1524,-3904,-47,-1775
1064,2020-9-6-1-17-5-138121,1,8024,-14296,-5308,-3664,-1043,116
1065,2020-9-6-1-17-5-138166,2,-2032,-16428,1768,-3392,-423,-164
1066,2020-9-6-1-17-5-138223,4,11740,-10940,4388,-4192,-533,480
1067,2020-9-6-1-17-6-138316,3,900,-16524,-1216,-3904,-370,-239
1068,2020-9-6-1-17-6-138623,1,8452,-13920,-4992,-3696,-677,-449
1069,2020-9-6-1-17-6-138640,2,-2156,-16508,1532,-3392,-466,-4
1070,2020-9-6-1-17-6-138725,4,11672,-11192,5156,-4224,-587,-3100
1071,2020-9-6-1-17-6-138818,3,1028,-16292,-1300,-3936,-470,34
1072,2020-9-6-1-17-6-139126,1,8212,-14088,-5424,-3696,-754,-148
1073,2020-9-6-1-17-6-139140,2,-2340,-16272,1628,-3376,-383,51
1074,2020-9-6-1-17-6-139227,4,11192,-10820,6088,-4192,142,-55
1075,2020-9-6-1-17-7-139319,3,1024,-16264,-1504,-3920,-204,-11
1076,2020-9-6-1-17-7-139627,1,7736,-14240,-5464,-3680,-761,163
1077,2020-9-6-1-17-7-139643,2,-2492,-16256,1440,-3376,-545,144
1078,2020-9-6-1-17-7-139739,4,11612,-10760,5996,-4192,-1699,2222
1079,2020-9-6-1-17-7-139820,3,1116,-16412,-1484,-3888,-279,-53
1080,2020-9-6-1-17-7-140128,1,8168,-14252,-5672,-3648,-785,190
1081,2020-9-6-1-17-7-140147,2,-2452,-16320,1292,-3360,-354,197
1082,2020-9-6-1-17-7-140231,4,11668,-10728,6084,-4176,-90,1161
1083,2020-9-6-1-17-8-140323,3,1116,-16364,-1184,-3920,-146,-4
1084,2020-9-6-1-17-8-140630,1,8056,-14196,-5576,-3680,-578,-492
1085,2020-9-6-1-17-8-140648,2,-2432,-16288,1496,-3360,-478,69
1086,2020-9-6-1-17-8-140738,4,11968,-10764,6020,-4208,-401,-430
1087,2020-9-6-1-17-8-140825,3,1056,-16336,-1328,-3904,-276,35
1088,2020-9-6-1-17-8-141134,1,8016,-14264,-5368,-3680,-782,-60
1089,2020-9-6-1-17-8-141148,2,-2496,-16248,1516,-3328,-299,70
1090,2020-9-6-1-17-8-141236,4,12108,-10908,5608,-4176,-9,165
1091,2020-9-6-1-17-9-141327,3,1156,-16364,-1136,-3904,-242,44
1092,2020-9-6-1-17-9-141634,1,8176,-14140,-5816,-3648,-823,-94
1093,2020-9-6-1-17-9-141651,2,-2544,-16204,1532,-3344,-329,153
1094,2020-9-6-1-17-9-141738,4,10924,-10920,4364,-4144,-321,2384
1095,2020-9-6-1-17-9-141829,3,1132,-16380,-1332,-3904,-359,-310
1096,2020-9-6-1-17-9-142136,1,8168,-13948,-5612,-3616,-619,254
1097,2020-9-6-1-17-9-142151,2,-2408,-16196,1516,-3360,-330,-12
1098,2020-9-6-1-17-9-142244,4,11848,-11104,3972,-4160,-687,-1777
1099,2020-9-6-1-17-10-142331,3,968,-16540,-1288,-3872,-278,-13
1100,2020-9-6-1-17-10-142640,1,8060,-14176,-5608,-3648,-687,-39
1101,2020-9-6-1-17-10-142655,2,-2500,-16300,1608,-3344,-310,87
1102,2020-9-6-1-17-10-142743,4,11564,-10980,5684,-4176,-284,262
1103,2020-9-6-1-17-10-142883,3,1072,-16420,-1288,-3888,-280,-5
1104,2020-9-6-1-17-10-143159,1,8196,-13920,-5640,-3648,-740,54
1105,2020-9-6-1-17-10-143177,2,-2384,-16280,1544,-3376,-317,364
1106,2020-9-6-1-17-10-143245,4,11256,-12532,5416,-4176,-463,-205
1107,2020-9-6-1-17-11-143341,3,1076,-16404,-1376,-3888,-320,-159
1108,2020-9-6-1-17-11-143642,1,8100,-13996,-5632,-3616,-801,64
1109,2020-9-6-1-17-11-143669,2,-2536,-16308,1664,-3328,-247,179
1110,2020-9-6-1-17-11-143789,4,10700,-11772,6720,-4144,406,-2749
1111,2020-9-6-1-17-11-143838,3,1052,-16324,-1256,-3920,-299,24
1112,2020-9-6-1-17-11-144145,1,8316,-14100,-5656,-3664,-577,235
1113,2020-9-6-1-17-11-144238,2,-2232,-16276,1692,-3328,-332,511
1114,2020-9-6-1-17-11-144258,4,11996,-12812,6596,-4176,986,-1545
1115,2020-9-6-1-17-12-144351,3,1024,-16332,-1524,-3904,-445,-287
1116,2020-9-6-1-17-12-144649,1,8092,-14056,-5736,-3632,-1014,451
1117,2020-9-6-1-17-12-144663,2,-2320,-16276,1580,-3344,-251,97
1118,2020-9-6-1-17-12-144804,4,11572,-10576,5080,-4160,-1561,2229
1119,2020-9-6-1-17-12-144843,3,1188,-16388,-1460,-3888,-58,-149
1120,2020-9-6-1-17-12-145162,1,7980,-14036,-5692,-3632,-719,-224
1121,2020-9-6-1-17-12-145202,2,-2488,-16352,1576,-3328,-436,80
1122,2020-9-6-1-17-12-145251,4,11348,-10584,6776,-4160,133,-1469
1123,2020-9-6-1-17-13-145346,3,1036,-16356,-1456,-3872,-162,-10
1124,2020-9-6-1-17-13-145659,1,7936,-14224,-6024,-3632,-819,487
1125,2020-9-6-1-17-13-145668,2,-2428,-16356,1664,-3312,-258,23
1126,2020-9-6-1-17-13-145752,4,11360,-11060,5428,-4160,-490,574
1127,2020-9-6-1-17-13-145864,3,1044,-16468,-1172,-3872,-329,-325
1128,2020-9-6-1-17-13-146151,1,8164,-13924,-5920,-3648,-622,-433
1129,2020-9-6-1-17-13-146168,2,-2440,-16396,1604,-3360,-556,109
1130,2020-9-6-1-17-13-146284,4,11616,-10888,6036,-4160,-441,-607
1131,2020-9-6-1-17-14-146347,3,1156,-16352,-1484,-3888,-219,-92
1132,2020-9-6-1-17-14-146653,1,8004,-14132,-5884,-3632,-633,130
1133,2020-9-6-1-17-14-146669,2,-2352,-16200,1476,-3376,-359,95
1134,2020-9-6-1-17-14-146758,4,11780,-10764,5760,-4160,-286,-263
1135,2020-9-6-1-17-14-146851,3,976,-16360,-1044,-3872,-299,-122
1136,2020-9-6-1-17-14-147183,1,8188,-13912,-5796,-3616,-715,-259
1137,2020-9-6-1-17-14-147204,2,-2344,-16352,1516,-3328,-343,12
